/*
 Navicat Premium Data Transfer

 Source Server         : .
 Source Server Type    : MySQL
 Source Server Version : 50711
 Source Host           : localhost:3306
 Source Schema         : shennius2

 Target Server Type    : MySQL
 Target Server Version : 50711
 File Encoding         : 65001

 Date: 28/02/2023 18:13:10
*/

SET NAMES utf8mb4;
SET FOREIGN_KEY_CHECKS = 0;

-- ----------------------------
-- Table structure for cms_advlist
-- ----------------------------
DROP TABLE IF EXISTS `cms_advlist`;
CREATE TABLE `cms_advlist`  (
  `Id` int(50) NOT NULL AUTO_INCREMENT COMMENT '主键',
  `TenantId` int(11) NOT NULL COMMENT '租户Id',
  `Title` varchar(200) CHARACTER SET utf8 COLLATE utf8_general_ci NOT NULL COMMENT '广告位名称',
  `Type` int(11) NOT NULL DEFAULT 0 COMMENT '广告位类型',
  `IsDeleted` bit(1) NOT NULL DEFAULT b'0' COMMENT '是否启用',
  `ImgUrl` varchar(255) CHARACTER SET utf8 COLLATE utf8_general_ci NULL DEFAULT NULL COMMENT '图片地址',
  `LinkUrl` varchar(500) CHARACTER SET utf8 COLLATE utf8_general_ci NULL DEFAULT NULL COMMENT '链接地址',
  `Target` varchar(50) CHARACTER SET utf8 COLLATE utf8_general_ci NOT NULL COMMENT '打开窗口类型',
  `IsTimeLimit` bit(1) NOT NULL DEFAULT b'0' COMMENT '是否启用时间显示',
  `BeginTime` datetime(0) NULL DEFAULT NULL COMMENT '开始时间',
  `EndTime` datetime(0) NULL DEFAULT NULL COMMENT '结束时间',
  `Sort` int(11) NOT NULL DEFAULT 0 COMMENT '排序',
  `CreateTime` datetime(0) NOT NULL COMMENT '创建时间',
  `Summary` varchar(2000) CHARACTER SET utf8 COLLATE utf8_general_ci NULL DEFAULT NULL COMMENT '广告位说明',
  `ModifyTime` datetime(0) NULL DEFAULT NULL COMMENT '修改时间',
  `DeleteTime` datetime(0) NULL DEFAULT NULL COMMENT '删除时间',
  PRIMARY KEY (`Id`) USING BTREE
) ENGINE = MyISAM AUTO_INCREMENT = 10 CHARACTER SET = utf8 COLLATE = utf8_general_ci COMMENT = '内容广告表' ROW_FORMAT = Dynamic;

-- ----------------------------
-- Records of cms_advlist
-- ----------------------------
INSERT INTO `cms_advlist` VALUES (1, 1, '测试广告名称', 0, b'1', 'http://img.feiyit.com/feiyit/website/else/cc.jpg', NULL, '_blank', b'0', '2018-11-08 00:00:00', '2018-11-08 00:00:00', 74, '2018-11-08 11:02:52', NULL, NULL, '2022-12-20 11:54:46');
INSERT INTO `cms_advlist` VALUES (2, 1, '火虫网(一个程序员的日常打卡)', 0, b'0', '', 'https://www.52huochong.com/', '_blank', b'0', NULL, NULL, 0, '2019-08-27 22:45:08', NULL, NULL, NULL);
INSERT INTO `cms_advlist` VALUES (3, 1, '火虫社区(生活的良师益友)', 0, b'0', '', 'https://bbs.52huochong.com/', '_blank', b'0', NULL, NULL, 0, '2019-08-27 22:45:30', NULL, NULL, NULL);
INSERT INTO `cms_advlist` VALUES (4, 1, '在线代码工具', 0, b'0', '', 'http://tools.jb51.net/code', '_blank', b'0', NULL, NULL, 0, '2019-10-10 22:50:18', NULL, NULL, NULL);
INSERT INTO `cms_advlist` VALUES (5, 1, 'Linux工具快速教程', 0, b'0', '', 'https://linuxtools-rst.readthedocs.io/zh_CN/latest/', '_blank', b'0', NULL, NULL, 0, '2019-10-10 22:49:27', NULL, NULL, NULL);
INSERT INTO `cms_advlist` VALUES (6, 1, '.NET社区联盟', 0, b'0', '', 'https://dotnet-china.com/', '_blank', b'0', NULL, NULL, 0, '2019-10-10 22:47:29', NULL, NULL, NULL);

-- ----------------------------
-- Table structure for cms_article
-- ----------------------------
DROP TABLE IF EXISTS `cms_article`;
CREATE TABLE `cms_article`  (
  `Id` int(11) NOT NULL AUTO_INCREMENT COMMENT '主键',
  `TenantId` int(11) NULL DEFAULT NULL COMMENT '租户Id',
  `IsDeleted` bit(1) NULL DEFAULT b'0' COMMENT '是否启用',
  `ColumnId` int(11) NOT NULL DEFAULT 0 COMMENT '栏目ID',
  `Title` varchar(200) CHARACTER SET utf8 COLLATE utf8_general_ci NOT NULL COMMENT '文章标题',
  `TitleColor` varchar(20) CHARACTER SET utf8 COLLATE utf8_general_ci NULL DEFAULT NULL COMMENT '文章标题颜色',
  `SubTitle` varchar(200) CHARACTER SET utf8 COLLATE utf8_general_ci NULL DEFAULT NULL COMMENT '文章副标题',
  `Author` varchar(20) CHARACTER SET utf8 COLLATE utf8_general_ci NULL DEFAULT NULL COMMENT '作者',
  `Source` varchar(20) CHARACTER SET utf8 COLLATE utf8_general_ci NULL DEFAULT NULL COMMENT '来源',
  `IsLink` bit(1) NOT NULL DEFAULT b'0' COMMENT '是否外链',
  `LinkUrl` varchar(255) CHARACTER SET utf8 COLLATE utf8_general_ci NULL DEFAULT NULL COMMENT '外部链接地址',
  `Tag` varchar(200) CHARACTER SET utf8 COLLATE utf8_general_ci NULL DEFAULT NULL COMMENT '文章标签',
  `ThumImg` varchar(255) CHARACTER SET utf8 COLLATE utf8_general_ci NULL DEFAULT NULL COMMENT '文章缩略图',
  `VideoUrl` varchar(255) CHARACTER SET utf8 COLLATE utf8_general_ci NULL DEFAULT NULL COMMENT '视频链接地址',
  `IsTop` bit(1) NOT NULL DEFAULT b'0' COMMENT '是否置顶',
  `IsHot` bit(1) NOT NULL DEFAULT b'0' COMMENT '是否热点',
  `IsComment` bit(1) NOT NULL DEFAULT b'0' COMMENT '是否允许评论',
  `Audit` bit(1) NOT NULL DEFAULT b'1' COMMENT '审核状态',
  `KeyWord` varchar(255) CHARACTER SET utf8 COLLATE utf8_general_ci NULL DEFAULT NULL COMMENT 'Seo关键字',
  `Summary` varchar(2000) CHARACTER SET utf8 COLLATE utf8_general_ci NULL DEFAULT NULL COMMENT '文章摘要',
  `Content` mediumtext CHARACTER SET utf8 COLLATE utf8_general_ci NULL COMMENT '文章内容',
  `Hits` int(11) NOT NULL DEFAULT 0 COMMENT '点击量',
  `ModifyTime` datetime(0) NULL DEFAULT NULL COMMENT '编辑时间',
  `CreateTime` datetime(0) NULL DEFAULT NULL COMMENT '添加时间',
  `DeleteTime` datetime(0) NULL DEFAULT NULL COMMENT '删除时间',
  PRIMARY KEY (`Id`) USING BTREE
) ENGINE = InnoDB AUTO_INCREMENT = 146 CHARACTER SET = utf8 COLLATE = utf8_general_ci COMMENT = '内容文章表' ROW_FORMAT = Dynamic;

-- ----------------------------
-- Records of cms_article
-- ----------------------------
INSERT INTO `cms_article` VALUES (3, 1, b'0', 1028, '			浅谈SQL Server内部运行机制		', NULL, NULL, '火虫网', '网络整理', b'0', NULL, '中国', NULL, NULL, b'0', b'0', b'0', b'1', 'SQL Serve', '对于已经很熟悉T-SQL的读者，或者对于较专业的DBA来说，逻辑的增删改查，或者较复杂的SQL语句，都是非常简单的，不存在任何挑战，不值得一提，那么，SQL的哪些方面是他们的挑战 或者软肋呢？', '<p>\n	&nbsp; &nbsp; &nbsp; &nbsp; 对于已经很熟悉T-SQL的读者，或者对于较专业的DBA来说，逻辑的增删改查，或者较复杂的SQL语句，都是非常简单的，不存在任何挑战，不值得一提，那么，SQL的哪些方面是他们的挑战 或者软肋呢？\n</p>\n<p>\n	那就是sql优化。然而，要向成为一个好的Sql优化高手，首先要做的一件事无疑就是了解sql语句在SQL Server中是如何执行的。在这一系列中，我们将开始sqlserver优化系列讲解，本 讲为优化系列的开篇文章，\n</p>\n<p>\n	在本篇文章中，我们将重点讲解SQL Server体系结构\n</p>\n<p>\n	&nbsp; &nbsp; &nbsp; &nbsp;在正式讲解之前，我们先来看看如下问题，你是否遇到过，若你遇到过且成功解决，那么这篇文章，你可以跳过。\n</p>\n<p>\n	&nbsp; &nbsp; &nbsp; &nbsp;为了测试需要，我们先模拟插入5亿3千多万条数据。\n</p>\n<div class=\"cnblogs_Highlighter\">\n<pre class=\"brush:sql;gutter:true;\">SELECT COUNT(1) FROM BigDataTest</pre>\n</div>\n<p>\n	&nbsp; &nbsp; &nbsp;<img src=\"/editorImages/image/20181214/1066923-20181211123535605-2036447726.png\" alt=\"\" />\n</p>\n<p>\n	&nbsp; &nbsp; &nbsp; （一）查询缓慢问题\n</p>\n<p>\n	&nbsp; &nbsp; &nbsp; &nbsp; &nbsp;*，临时表，表连接，子查询等造成的查询缓慢问题，你能解决吗？\n</p>\n<p>\n	&nbsp; &nbsp; &nbsp; （二）内存泄漏\n</p>\n<p>\n	&nbsp; &nbsp; &nbsp; &nbsp; 如下查询了8分2秒，然后内存溢出，你知道问题吗？\n</p>\n<div class=\"cnblogs_Highlighter\">\n<pre class=\"brush:sql;gutter:true;\">SELECT * FROM BigDataTest\n</pre>\n</div>\n<p>\n	&nbsp; &nbsp; &nbsp;<img src=\"/editorImages/image/20181214/1066923-20181211124658215-1238285171.png\" alt=\"\" />\n</p>\n<p>\n	&nbsp; &nbsp; &nbsp;（三）经常听说如下概念，你都能解决吗？\n</p>\n<p>\n	&nbsp; &nbsp; &nbsp; &nbsp; 事务与锁(请参考我另一篇文章：<a href=\"https://www.cnblogs.com/wangjiming/p/8396986.html\">浅谈SQL Server事务与锁（上篇）</a>)，ACID，隔离级别，脏读，分表分库，水平拆分，垂直拆分，高并发等\n</p>\n<p>\n	<span style=\"font-size:18px;color:#3366ff;\">一&nbsp; SQL Server体系结构抽象</span>\n</p>\n<p>\n	&nbsp;<img src=\"/editorImages/image/20181214/1066923-20181211000512797-754076042.png\" alt=\"\" />\n</p>\n<p>\n	<span style=\"color:#3366ff;font-size:18px;\">&nbsp;二&nbsp; SQL Server体系结构概述</span>\n</p>\n<p>\n	&nbsp; &nbsp; &nbsp; &nbsp;SQL Server核心体系结构，大致包括六大部分：客户端访问工具、SQL Server 网络接口(SQL Server Network Interface,SNI)、关系引擎、存储引擎、\n</p>\n<p>\n	磁盘和缓冲池。下图为SQL Server核心体系大致轮廓图。\n</p>\n<p>\n	<img src=\"/editorImages/image/20181214/1066923-20181211093906627-481074675.png\" alt=\"\" />\n</p>\n<p>\n	&nbsp;<span style=\"color:#ff00ff;font-size:16px;\">（一）SQL Server客户端访问工具</span>\n</p>\n<p>\n	<img src=\"/editorImages/image/20181214/1066923-20181211101003828-379552117.png\" alt=\"\" />\n</p>\n<p>\n	&nbsp; &nbsp; &nbsp; SQL Server客户端访问工具，提供了远程访问技术，它与SQL Server服务端基于一定的协议，使其能够远程访问数据库，就像在本地操作数据库一样，如我们经常用的\n</p>\n<p>\n	Microsoft SQL Server Management Studio。\n</p>\n<p>\n	&nbsp; &nbsp; &nbsp; &nbsp;SQL Server客户端访问工具是比较多的，其中比较流行的要数Microsoft SQL Server Management Studio 和Navicat(Navicat在MySQL中也是比较常用的)了，至于其他工具，\n</p>\n<p>\n	本篇文章就不列举了，感兴趣的读者朋友，可以查询一下。\n</p>\n<p>\n	<span style=\"color:#ff00ff;font-size:16px;\">（二）SQL Server网络协议</span>\n</p>\n<p>\n	<img src=\"/editorImages/image/20181214/1066923-20181211001829263-608891619.png\" alt=\"\" />\n</p>\n<p>\n	&nbsp; &nbsp; &nbsp; &nbsp;SQL Server网络协议，又叫SQL Server网络接口(SNI)，它是构成客户端和服务端通信的桥梁，它与SQL Server服务端基于一定协议，方可通信，\n</p>\n<p>\n	如我们在客户端输入一条查询语句SELECT * FROM BigDataTest，这条语句，只有客户端和服务端基于一定协议，方可被服务端解析，否则，被视为无\n</p>\n<p>\n	效语句。\n</p>\n<p>\n	&nbsp; &nbsp; &nbsp; &nbsp;SQL Server网络协议，由一组API构成，这些API供SQL Server数据库引擎和SQL Server本地客户端调用，如实现最基本的CRUD通信。\n</p>\n<p>\n	&nbsp; &nbsp; &nbsp; &nbsp;SQL Server 网络接口(SQL Server Network Interface,SNI)只需要在客户端和服务端配置网络协议即可，它支持一下协议：\n</p>\n<p>\n	&nbsp; &nbsp; &nbsp;（1）共享内存\n</p>\n<p>\n	&nbsp; &nbsp; &nbsp;（2）TCP/IP\n</p>\n<p>\n	&nbsp; &nbsp; &nbsp;（3）命名管道\n</p>\n<p>\n	&nbsp; &nbsp; &nbsp;（4）VIA\n</p>\n<p>\n	<span style=\"color:#ff00ff;font-size:16px;\">（三）关系引擎</span>\n</p>\n<p>\n	<img src=\"/editorImages/image/20181214/1066923-20181211001626559-2024262673.png\" alt=\"\" />\n</p>\n<p>\n	&nbsp; &nbsp; &nbsp; 关系引擎，也叫查询引擎，其主要功能是负责处理SQL语句，其核心组件由三部分组成：命令分析器、查询优化器和查询执行器。\n</p>\n<p>\n	&nbsp; &nbsp; （1）命令分析器：负责解析客户端传递过来的T-SQL语句，如客户端传递一条SQL语句：SELECT * FROM BigDataTest，它会检查该语句的语法结构，若语法\n</p>\n<p>\n	错误，它会将错误返回给协议层，然后协议层将错误返回给客户端；如果语法结构正确，它会根据查询命令生成查询计划或寻找一个已存在的查询计划(先在缓冲池计划缓\n</p>\n<p>\n	存中查找，若找到，则直接给查询执行器执行，若未找到，则会生成基于T-SQL的查询树，然后交给查询优化器优化)\n</p>\n<p>\n	&nbsp; &nbsp; &nbsp;（2）查询优化器：负责优化命令解析器生成的T-SQL查询树(基于资源的优化，而非基于时间的优化)，然后将最终优化结果传递给查询执行器执行。查询优化器是基于\n</p>\n<p>\n	“资源开销”的优化器，这种算法评估多种可执行的查询方式，并从中选择开销最低的方案作为优化结果，然后将该结果生成查询计划输出给查询执行器。<span style=\"color:#ff0000;\">注意，查询优化器是</span>\n</p>\n<p>\n	<span style=\"color:#ff0000;\">“基于资源开销最优”而非“基于方案最优”，也就是，查询优化器的最终优化结果未必是最好的方案，但一定是资源开销最低的方案。</span>\n</p>\n<p>\n	&nbsp; &nbsp; &nbsp;（3）查询执行器：负责执行查询。假若查询执行器接收到命令解析器或查询优化器传递过来的SQL语句：SELECT * FROM BigDataTest，它通过OLE DB接口传递到存储\n</p>\n<p>\n	引擎，再传递到存储引擎的访问方法。\n</p>\n<p>\n	<span style=\"color:#ff00ff;font-size:16px;\">（四）存储引擎</span>\n</p>\n<p>\n	<img src=\"/editorImages/image/20181214/1066923-20181211002401425-51679628.png\" alt=\"\" />\n</p>\n<p>\n	&nbsp; &nbsp; &nbsp; &nbsp; 存储引擎，本质就是管理资源存储的，它的核心组件包括三部分：访问方法、事务管理器和缓冲区管理器。&nbsp; &nbsp; &nbsp;\n</p>\n<p>\n	&nbsp; &nbsp; &nbsp; （1）访问方法：访问方法本质是一个接口，供查询执行器调用(该接口提供了所有检索数据的代码，接口的实际执行是由缓冲区管理器来执行的)，假若查询执行器传递一条SQL语句：\n</p>\n<p>\n	SELECT * FROM BigDataTest，访问方法接收到该请求命令后，就会调用缓冲区管理器，缓冲区管理器就会调用缓冲池的计划缓存，在计划缓存中寻找到相应的结果集，然后返回给关系\n</p>\n<p>\n	引擎。\n</p>\n<p>\n	&nbsp; &nbsp; &nbsp; &nbsp;（2）缓冲区管理器：供访问方法调用，管理缓冲池，在缓冲池中查询相应资源并返回结果集，供访问方法返回给关系引擎。&nbsp; &nbsp;\n</p>\n<p>\n	&nbsp; &nbsp; &nbsp; &nbsp;（3）事务管理器：主要负责事务的管理(ACID管理)和高并发管理(锁)，它包括两个核心组件(日志管理器和锁管理器)，锁管理器负责提供并发数据访问，设置隔离级别等；日志管理器负责\n</p>\n<p>\n	记录所有访问方法操作动作，如基本的CRUD。\n</p>\n<p>\n	<span style=\"color:#ff00ff;font-size:16px;\">（五）缓冲池</span>\n</p>\n<p>\n	&nbsp;<img src=\"/editorImages/image/20181214/1066923-20181211002527742-1738109533.png\" alt=\"\" />\n</p>\n<p>\n	&nbsp; &nbsp; &nbsp; &nbsp;缓冲池驻于内存中，是磁盘和缓冲区管理器的桥梁SQL Server中，所有资源的查询都是在内存中进行的，即在缓冲池中进行的，假若缓冲池\n</p>\n<p>\n	接收到缓冲区管理器传递过来的的一条SQL语句：SELECT * FROM BigDataTest，缓冲区管理器数据缓存先从磁盘数据库中取满足条件的结果集，\n</p>\n<p>\n	然后放在缓冲池数据缓冲中，然后以结果集的形式返回给缓冲区管理器，供访问方法返回给关系引擎的查询执行器，然后返回给协议层，协议层再\n</p>\n<p>\n	返回给客户端。<span style=\"color:#ff0000;\">注意，这里操作的是缓冲池中数据，而不是磁盘DB中的数据，并且操作的缓冲池数据不会立即写入磁盘，因此就会造成查询到结果</span>\n</p>\n<p>\n	<span style=\"color:#ff0000;\">与BD中的结果不一致，这就是所谓的脏读。</span>\n</p>\n<p>\n	&nbsp; &nbsp; &nbsp; &nbsp; 缓冲池主要包括两部分：计划缓存(生成执行计划是非常耗时耗资源的，计划缓存主要用来存储执行计划，以备后续使用)和数据缓存(通常是缓存池\n</p>\n<p>\n	中容量最大的，消耗内存最大，从磁盘中读取的数据页只要放在这里，方可调用)\n</p>\n<p>\n	<span style=\"color:#ff00ff;font-size:16px;\">（六）磁盘</span>\n</p>\n<p>\n	&nbsp;&nbsp;<img src=\"/editorImages/image/20181214/1066923-20181211002632642-877985798.png\" alt=\"\" />\n</p>\n<p>\n	&nbsp; &nbsp; &nbsp; &nbsp; &nbsp; &nbsp;磁盘主要是用来存储持久化资源的，如日志资源，数据库资源和缓存池持久化支援等。\n</p>\n<p>\n	<span style=\"color:#3366ff;font-size:18px;\">三&nbsp; 一个查询的完整流程</span>\n</p>\n<p>\n	&nbsp; &nbsp; &nbsp; &nbsp;如下为一个比较完善的查询过程，即第二部分查询语句：SELECT * FROM BigDataTest 整个过程。\n</p>\n<p>\n	<img src=\"/editorImages/image/20181214/1066923-20181211125348346-681822001.png\" alt=\"\" />\n</p>\n<p>\n	<span style=\"color:#3366ff;font-size:18px;\">四&nbsp; 参考文献</span>\n</p>\n<p>\n	【01】《SQL Server 2012 深入解析与性能优化 第3版》Christian Bolton,Justin Langford,Glenn Berry,Gavin Payne,Amit Banerjee,Rob Farley著\n</p>\n<p>\n	<br />\n</p>', 0, '2021-01-12 23:01:08', '2018-12-14 23:39:01', NULL);
INSERT INTO `cms_article` VALUES (10, 1, b'0', 1032, '工具性的互联网', NULL, NULL, '火虫网', '网络整理', b'0', NULL, '中国', NULL, NULL, b'0', b'0', b'0', b'1', '互联网;火虫网；火虫；', '网络是我们迈向信息时代的一扇门，它可以开阔我们的眼界，延伸我们的体验，但并不构成我们生活的全部内容。 忘掉那些夸大其辞、装腔作势的烟幕弹，去考虑生活中重要的事情，而不是互联网中哪种形式是最重要的。', '<p>\n	工具性的互联网\n</p>\n<p>\n	<br />\n（一）\n</p>\n<p>\n	&nbsp;每天早上，起床后的第一件事，是打开电脑下载网站的备份。自从前段时间IDC机房被关后，学乖了，这个世界有很多东西象天气一样无法预测：昨天还好好的，今天就彻底消失了。\n</p>\n<p>\n	&nbsp;中国的互联网有很多的教训，你可以脱光了在网上晃荡都没有人管你，但是，你如果想不和谐，那你就死定了。\n</p>\n<p>\n	&nbsp;历经磨难，会把人变得神经质，或者耐性暴好。\n</p>\n<p>\n	&nbsp;早上的时候，从网络上下载东西很快。上网的人很少。但是，你还是会遇到一些麻烦。服务器放在电信的机房，小区的宽带是铁通的。下着下着，速度越来越小，断线，又重新来过。\n</p>\n<p>\n	&nbsp;跟消失相比，这点挫折算不了什么，我暗自庆幸：自家的宽带，幸亏不是网通的。\n</p>\n<p>\n	&nbsp;你没听人说吗？这世界最远的距离，不是我和你之间的距离，而是电信到网通的距离。\n</p>\n<p>\n	<br />\n（二）\n</p>\n<p>\n	&nbsp;吃过早饭后，开始工作。\n</p>\n<p>\n	&nbsp;我自已用一个rss的阅读软件开始阅读。大约20个左右的网站，很快的浏览，看看标题、内容，把好看的东西筛出来。\n</p>\n<p>\n	&nbsp;我会偏重一些比较有情感的内容，这是所有人喜欢阅读的理由之一。每个人其实最关心的是自己，任何跟自己有连接的东西，才有价值。\n</p>\n<p>\n	&nbsp;事实上，我把网站当成了一个实时的收藏夹一样，我把自己认为的好东西都放在里面，也让其他人也能看到。我从来没有把博客当成是只能放自己东西的一个家伙。\n</p>\n<p>\n	&nbsp;我觉得博客就是个人的传媒工具，就是不需要自己去考虑编程这些复杂而又细节活儿的开放平台。\n</p>\n<p>\n	&nbsp;所以，我更喜欢用“频道”这样的词。这表示你也可以自己聚合，即使是人肉聚合。\n</p>\n<p>\n	&nbsp;因为人们最终关心的是内容，所以，只要别把自己想的太重要就行。\n</p>\n<p>\n	&nbsp;加完内容，就去抓虾（<a href=\"http://www.zhuaxia.com/\">www.zhuaxia.com</a>）。\n</p>\n<p>\n	&nbsp;抓虾是一个相当不错在线的网页聚合阅读器。它刚出来的时候，我就意识到这个阅读器本身就是一个很好的网站推广渠道。1年前，我把喷嚏网的rss频道加上，到今天有1784个订阅者。\n</p>\n<p>\n	&nbsp;在抓虾，你会看到各种风格的文章和内容。有一次，我看见一篇介绍Adsense的文章，照着上面的做了一下广告的优化，第二天，当天的广告翻了好几十倍。简直是不可思议。\n</p>\n<p>\n	&nbsp;互联网的好处之一，就是能让人谦虚：牛人太多。武功秘籍也太多。\n</p>\n<p>\n	&nbsp;我会收藏一些感兴趣的东西，然后，看看当天推荐的帖子，找到一些读者的偏好。我能大致推测出是什么样的一些职业和爱好的人常来这样的网站。\n</p>\n<p>\n	&nbsp;我也发现：即使是职业不同，爱好不同，但还是可以看出一些共同的爱好。人性中的共性比区分，还是要大得多。\n</p>\n<p>\n	&nbsp;如果内容过于专注，你接触到的东西就会很狭窄，但是内容过于宽泛，又会显得太过稀释，无所适从。\n</p>\n<p>\n	&nbsp;专注，还是宽泛，这是一个问题。\n</p>\n<p>\n	&nbsp;早上在家里工作1小时后，然后，去公司上班。\n</p>\n<p>\n	<br />\n（三）\n</p>\n<p>\n	&nbsp;进公司的第一件事，就是开电脑。然后同时连上QQ和MSN。\n</p>\n<p>\n	&nbsp;最开始，公司都是用msn。因为据说白领都用MSN，所以，大家觉得自己该用MSN。\n</p>\n<p>\n	&nbsp;后来，海底光纤断了。MSN整死也连不上了，这样，自然转移到QQ上了。\n</p>\n<p>\n	&nbsp;我们的客户都用QQ，QQ的普及程度惊人。很多五六十岁的人，也会用这个。其实，很多人都是这样用电脑的：开机，上网、word、聊qq。很多时候，是左右开弓、多核并行处理。\n</p>\n<p>\n	&nbsp;我一直认为：盗版10年，普及了全国人民的word和Excel水平，使用qq，则提高了全国人民的打字水平。\n</p>\n<p>\n	&nbsp;我问过很多大人，他们为何用QQ?他们说：要炒股的嘛，大家回家后，还可以沟通！\n</p>\n<p>\n	&nbsp;小朋友QQ聊天，大人想赚钱也用，相互找人方便，空闲的时候，也跟小朋友一样闲聊。殊途同归。\n</p>\n<p>\n	&nbsp;当然，QQ群是公司里最常用的功能。\n</p>\n<p>\n	&nbsp;通常，客户google或百度到公司网站，加入到QQ的产品群中，然后，我们通过QQ了解需求，给客户传试用版，远程帮助客户安装。\n</p>\n<p>\n	&nbsp;更多的时候，是在公司内部：谁迟到了？什么时候开会了？华南虎的情况又进展到哪一步了？\n</p>\n<p>\n	&nbsp;八卦是人生的需要，你会看见很拉风的QQ签名：顶你个叶子！或者：做人不能太关克！\n</p>\n<p>\n	&nbsp;QQ的坏处就是：你可能随时被打断。\n</p>\n<p>\n	&nbsp;这使得工作，看起来就是：不在QQ的岸上，就在被QQ骚扰的洪水中。\n</p>\n<p>\n	（四）&nbsp;\n</p>\n<p>\n	&nbsp;我喜欢gmail：速度够快，空间够大。你不用删除任何旧文件，而且垃圾邮件也屏蔽的很好。\n</p>\n<p>\n	&nbsp;最主要的是不被打扰。这是电子邮件比即时通讯好的地方。\n</p>\n<p>\n	&nbsp;邮件的内容大致如此:订阅的网络杂志；厂家的新品发布会邀请函；卓越网订的书发货了；豆瓣上有豆友要求加好友；杂志社的书评约稿......\n</p>\n<p>\n	<br />\n&nbsp;扫描完邮件后，马上开始工作。\n</p>\n<p>\n	&nbsp;QQ、手机、电话、Word、PPT、开会、喝水、WC.......\n</p>\n<p>\n	&nbsp;中午饭后，一般会在网上闲逛。查查网上的书为何走了两周还没有到：你可以查到货什么时候发出的，是哪家公司在负责运送，什么时候发出的，应该什么时候到。查到服务电话。直接打电话过去，对对方不负责任表示愤慨。然后，不到1小时，书就送过来了。\n</p>\n<p>\n	&nbsp;有时，我会收到一条短信，这是我在Google日历中，为自己定制的个别信息，比如：什么时候，该给哪个客户打个预约电话；或者过去公司的同事什么时候该聚一下了。\n</p>\n<p>\n	（五）\n</p>\n<p>\n	&nbsp;我不太习惯直接在网络上写东西，主要是觉得不保险：网络掉线是太正常不过的事情。我宁愿写到word或写字板里，写完后，才粘过去。因为这样做，更保险。我要保证自己劳动的安全。\n</p>\n<p>\n	&nbsp;有时，我看到好的笑话，就会随手拷贝到QQ群里，与大家同乐。有些精彩的回贴、语录，就放在饭否里面。\n</p>\n<p>\n	&nbsp;大家都把饭否这类的叫迷你博客。我觉得这很象一个小的记事本。我的好友不多，说老实话，我很少看大家的发言。我用了几个月，回头看自己收集的东西，总能帮我想起很多东西。\n</p>\n<p>\n	&nbsp;饭否受人欢迎的一点是有开放的API（应用程序编程接口），也就是说，我们的控制是双向的。这跟国内的很多的博客不同：他们只允许把别人的东西搬到自家的网站上，却不愿意提供反向的功能。<br />\n&nbsp;<br />\n&nbsp;但我平时真正重要的东西，都不会首先记在网上或电子设备里：手机有可能掉、硬盘有可能会坏；网络又不太安全。\n</p>\n<p>\n	&nbsp;我觉得最好用简单的设备就是：一只笔和普通的日记本。\n</p>\n<p>\n	&nbsp;跟客户的沟通、承诺；一闪而过的思路；重要的密码和联系人。我觉得纸张的感觉是最好的：迅速、实在，而且有亲和力。\n</p>\n<p>\n	&nbsp;我享受信息时代的所有好处，但是，可靠性和隐私，使我有切肤之痛。关键是，你并不总是在任何地方都可以使用电脑，或者网络。\n</p>\n<p>\n	<br />\n（六）\n</p>\n<p>\n	&nbsp;一天忙过后，晚上会去豆瓣逛一趟。\n</p>\n<p>\n	&nbsp;豆瓣是国内做书评最热闹的地方。上周豆瓣改版，支持改版的和不支持改版的人吵得鸡飞狗跳。\n</p>\n<p>\n	&nbsp;我在豆瓣算这样一类用户：我把铂程斋的原创书评，基本上都放了一个拷贝到那里。大概有100多篇。估计约莫有10多万字吧。\n</p>\n<p>\n	&nbsp;这种Web 2.0的方式两者受益：我通过豆瓣网宣传自己，而且有平面媒体向我约稿。他们通常就是直接在豆瓣里看了后，就圈定了目标。我当然是乐得其中。\n</p>\n<p>\n	&nbsp;当然，豆瓣也因为我这样的人（相信很多），而支持了它低成本的商业模式。\n</p>\n<p>\n	&nbsp;显然，我们之间的关系是相互支持和无言的默契。我们都是交易，充分体现了互联网的媒体特性：传播也有价值。\n</p>\n<p>\n	&nbsp;我觉得豆瓣改版对我意义不大。因为对我来说，没有任何增值的做法。我更希望它能做到1000万用户后，给豆瓣的原创用户，讨论一下收入分成的问题。\n</p>\n<p>\n	&nbsp;用户体验只是战术上的问题，但或许不是战略问题。如果有钱分的话，改得怎么烂，我都很大声叫好的：）\n</p>\n<p>\n	&nbsp;上去豆瓣两件事情：贴最新的书评，然后，回豆友的信。\n</p>\n<p>\n	&nbsp;我很少直接在豆瓣上选书，因为我已经习惯了在晚饭后散步的时候，顺便拐到周边的书吧里看看。其实，最好的书并不总是出现在网上。\n</p>\n<p>\n	&nbsp;网上的排行榜上总是最热门的书。但并不总是你需要的书。\n</p>\n<p>\n	<br />\n&nbsp;我喜欢豆瓣，但我还不会为它过于激动，因为我有自己的生活。真实的生活，有太多的事情要做。社区只是一种接触朋友的途径。\n</p>\n<p>\n	<br />\n（七）\n</p>\n<p>\n	&nbsp;我觉得对每个人来说，他的生活才是最主要的轨迹，其他的东西只是镶嵌其中。\n</p>\n<p>\n	&nbsp;恕我愚昧，我对有些词语大感不惑：比如，粘性。\n</p>\n<p>\n	&nbsp;我觉得你生活需要就有粘性，如果同样的东西，比别人做的好就有粘性。\n</p>\n<p>\n	&nbsp;我也不能理解这样的修饰词：最。\n</p>\n<p>\n	<br />\n&nbsp;全世界最大的中文....\n</p>\n<p>\n	&nbsp;这些词的营销意义很大，说句直白的话：他们把自己看得太重了。\n</p>\n<p>\n	&nbsp;在巨大的噪音后面，我们其实可以看到一些不同的理解：\n</p>\n<p>\n	&nbsp;亚马逊的杰弗瑞·贝索斯在面对“中国最大”质疑的时候，只是说了句：“我们不关心对手！我们只在乎用户是否满意！”\n</p>\n<p>\n	&nbsp;FaceBook的创始人也说：我们不是社区，我们只是社交工具。\n</p>\n<p>\n	&nbsp;YouTube的陈士骏说：我们从来没想自己是一家所谓的Web2.0或Web3.0的公司，甚至是“网络的什么”，其实无论是在服务、点子、公司等各方面，我们思考只有如何才能提供用户最大利益，创造出使用者喜爱的东西，尽可能的为他们简化普遍性的问题。\n</p>\n<p>\n	&nbsp;这些言论的根本在于：无论何时，人才是支持的中心。围绕互联网的一切，都是用来支持人的工具。这是一种谦卑的言论，严重靠谱的言论。\n</p>\n<p>\n	&nbsp;虽然，我们不愿意看到这一点。但每个人，在互联网时代生活过的人，只要想想每天使用网络的情况，你就会发现这是事实：\n</p>\n<p>\n	&nbsp;网络是我们迈向信息时代的一扇门，它可以开阔我们的眼界，延伸我们的体验，但并不构成我们生活的全部内容。\n</p>\n<p>\n	&nbsp;忘掉那些夸大其辞、装腔作势的烟幕弹，去考虑生活中重要的事情，而不是互联网中哪种形式是最重要的。<br />\n&nbsp;<br />\n&nbsp;用简单的方式去生活：爱互联网，爱拉风，但更爱自己。\n</p>\n<p>\n	&nbsp;\n</p>\n<p>\n	喷嚏网：原创 <a href=\"http://www.dapenti.com/\">www.dapenti.com</a> \n</p>', 0, '2021-01-12 23:01:40', '2018-12-15 23:02:35', NULL);
INSERT INTO `cms_article` VALUES (20, 1, b'0', 1029, 'dnSpy 强大的.Net反编译软件', NULL, NULL, 'D.泡沫', '网络整理', b'0', NULL, '中国', NULL, NULL, b'0', b'0', b'0', b'1', 'dnSpy；.Net反编译；', '关于net的反编译软件有很多，Reflector（集成在vs里面比较吃内存），ILSpy，dotPeek等等。而dnSpy同样是一款优秀的反编译软件，同时它是开源免费的。官方的描述是: dnSpy是一个调试器和.NET组件编辑器。 即使您没有任何可用的源代码，也可以使用它来编辑和调试程序集。', '<blockquote>\n	<p>\n		<br />\n	</p>\n</blockquote>\n<p>\n	一说起.net的反编译软件，大家首先想到的就是Reflector，ILSpy，dotPeek等等。而dnSpy同样是一款优秀的反编译软件，同时它是开源免费的。官方的描述是: dnSpy是一个调试器和.NET组件编辑器。 即使您没有任何可用的源代码，也可以使用它来编辑和调试程序集。<br />\n<img src=\"/editorImages/image/20181218/o_dnSpy_P1.png\" alt=\"此处输入图片的描述\" /> \n</p>\n<p>\n	这个是官方的图片，可以看出和VS的风格还是很像的，使用起来也有很多相似的地方，善于用VS的人，可以很快的上手这个软件。当然除了这个深色的主题以外，还有浅色主题可以切换。<br />\ndnSpy使用ILSpy反编译器引擎和Roslyn（C＃/ Visual Basic）编译器以及许多其他开源库，可以编译.Net Framework, .Net Core和Unity游戏部件，不需要源码。今天将给大家演示一下，dnSpy强大的调试和编辑应用程序的功能。\n</p>\n<h3 id=\"debug外部引用的dll文件\">\n	1. Debug外部引用的Dll文件\n</h3>\n<p>\n	首先准备一个简单的程序，期待的结果是输入人数得到促销后的总价，界面如下：<br />\n<img src=\"/editorImages/image/20181218/o_dnSpy_P2.png\" alt=\"此处输入图片的描述\" /><br />\n看一下程序，其实就是简单的取得输入的人数，然后调用第三方类库的方法，得到结果：<br />\n<img src=\"/editorImages/image/20181218/o_dnSpy_P3.png\" alt=\"此处输入图片的描述\" /><br />\n这里的Calculator.GetAmountByPromotion方法是_3rdCalculator的第三方类库提供的，我们无法直接确定其内部实现。\n</p>\n<p>\n	输入一下测试数据：<br />\n<img src=\"/editorImages/image/20181218/o_dnSpy_P4.png\" alt=\"此处输入图片的描述\" /><br />\n再输入一下新的测试数据：<br />\n<img src=\"/editorImages/image/20181218/o_dnSpy_P5.png\" alt=\"此处输入图片的描述\" /><br />\n会发现很难推测出内部的逻辑。这个时候就可以进行debug了。<br />\n打开dnSpy.exe。这个时候请注意，由于这个项目用的是.net core并且是publish的，所以可以直接用dnSpy直接打开publish目录下的要debug的dll文件。<br />\n<img src=\"/editorImages/image/20181218/o_dnSpy_P6.png\" alt=\"此处输入图片的描述\" /><br />\n在需要的地方打上断点，然后使用attach的快捷键Ctrl+Alt+P，在弹出的列表里选择<br />\n<img src=\"/editorImages/image/20181218/o_dnSpy_P7.png\" alt=\"此处输入图片的描述\" /><br />\n再点击页面的提交按钮触发事件：<br />\n<img src=\"/editorImages/image/20181218/o_dnSpy_P8.png\" alt=\"此处输入图片的描述\" /><br />\n这个时候可以看到结果显示在下面Locals的窗口里面。<br />\n需要注意的是，如果是不需要publish的，而是直接把整个代码放在IIS下，然后每次编译就是一次发布的情况，不要直接使用代码下面的bin目录里的dll文件，因为IIS会把build出来的dll文件，动态生成一份出来，存到类似于\\Windows\\Microsoft.NET\\Framework64\\v4.0.30319\\Temporary ASP.NET Files\\root\\c8367e31\\abdb5fb1\\assembly\\dl3下面的目录里，这个时候要先搜索到你想debug的方法在哪个dll文件里，然后搜索到这个文件位置，再用dnSpy打开它，dnSpy会自动加载和这个dll有关联的所有dll文件，然后启动网站，这个再附加到w3p.exe上就可以了。\n</p>\n<h3 id=\"调试应用程序\">\n	2. 调试应用程序\n</h3>\n<ol>\n	<li>\n		<p>\n			调试应用程序<br />\n还是以上一个例子为例，这次生成一个exe的文件。<br />\n代码如下<br />\n<img src=\"/editorImages/image/20181218/o_dnSpy_P9.png\" alt=\"此处输入图片的描述\" /><br />\n运行，窗口如下：<br />\n<img src=\"/editorImages/image/20181218/o_dnSpy_P10.png\" alt=\"此处输入图片的描述\" /><br />\n打开dnSpy，找到exe文件的位置，打开要调试的dll文件：<br />\n<img src=\"/editorImages/image/20181218/o_dnSpy_P11.png\" alt=\"此处输入图片的描述\" /><br />\n在需要的地方打上断点，点击上面的Start开始调试：<br />\n<img src=\"/editorImages/image/20181218/o_dnSpy_P12.png\" alt=\"此处输入图片的描述\" /><br />\n弹出的窗口设置保持默认就可以，程序执行，输入人数后，进入断点，就可以正常调试了：<br />\n[此处输入图片的描述][13]<br />\n注意，一般dnSpy会把相关的dll都自动加入进来，但是如果是不在一个地方，工具检测不到的，但是有依赖的，必须手动加入进来。\n		</p>\n		<h3 id=\"修改exe文件的内容\">\n			3. 修改exe文件的内容\n		</h3>\n		<p>\n			dnSpy编辑dll文件的功能很方便，不用其他插件或者辅助，就可以进行修改。例如上面的例子，我想把计算逻辑增加超过10个人的时候，优惠更高，那么我可以直接修改dll里面的方法。<br />\n首先找到要修改的方法，然后在方法上点击右键：<br />\n[此处输入图片的描述][14]<br />\n在弹出的新窗口上直接修改方法：<br />\n<img src=\"/editorImages/image/20181218/o_dnSpy_P15.png\" alt=\"此处输入图片的描述\" /><br />\n编辑结束后，点击下面的Compile. 然后点击保存所有。继续点OK。<br />\n<img src=\"/editorImages/image/20181218/o_dnSpy_P16.png\" alt=\"此处输入图片的描述\" /><br />\n这个时候点击exe文件，输入人数，会发现比10个人的时候还要便宜了很多，就是代码生效了：<br />\n<img src=\"/editorImages/image/20181218/o_dnSpy_P17.png\" alt=\"此处输入图片的描述\" /><br />\n以上就是比较常用的功能，当然dnSpy还有很多贴心和有用的功能，有待大家去发现。附上<a href=\"https://github.com/0xd4d/dnSpy\">官方地址</a>，请大家自己去挖掘了。谢谢大家。\n		</p>\n	</li>\n</ol>', 0, '2021-01-12 23:01:52', '2018-12-18 23:30:00', NULL);
INSERT INTO `cms_article` VALUES (21, 1, b'0', 1032, '据2018Q3智能手机报告称苹果用户无房无车比例较大？', NULL, NULL, 'relayrare', '网络', b'0', NULL, '中国', NULL, NULL, b'0', b'0', b'0', b'1', '智能手机报告；2018Q3手机；', '2018年Q3国内智能手机报告苹果用户无房无车比例较多，华为用户中有房有车比例较多。苹果用户是隐形贫困人口，华为用户是高端商务人士，OPPO和VIVO是顾家主妇，小米是入门级白领。', '<p>\n	&nbsp; &nbsp; &nbsp; &nbsp;<span style=\"font-size:14px;\"><span style=\"line-height:1.5;\"></span>前几天看到调研机构MobData公布了2018年Q3国内智能手机报告；第三季度国内手机市场占有率排在首位的依旧是苹果，市场占有率高达21.6%，排名第二到第五的分别为：华为，oppo,vivo及小米；前五名占据80.5%的市场；华为用户有房有车较多，苹果用户无房无车较多。关于这个报告，一开始我深疑不信。拿苹果手机的按明面上来讲不是应该大部分有房有车吗？毕竟新亮相的苹果手机，iphonex,iphonexs等一系列新产品 刚开始售卖价格都是昂贵无比，作为吃瓜群众更是戏称要卖肾才能买得起，按这样推理</span><span style=\"white-space:normal;font-size:14px;\">2018年</span><span style=\"white-space:normal;font-size:14px;\">Q3国内</span><span style=\"white-space:normal;\"><span style=\"font-size:14px;\">智能手机报告样本数据是不是搞反了？戏弄我们吃瓜群众呢？不急，我也是反反复复看找了一些了</span><span style=\"font-size:14px;\"></span><span style=\"font-size:14px;\">下图的数据，经过一系列的搜索没有找到样本数据</span><span style=\"font-size:14px;\">，下面附上靓图：</span></span><span style=\"font-size:14px;\">&nbsp;</span>\n</p>\n<p>\n	&nbsp;<img src=\"/editorImages/image/20181221/20181221223904_60657564.jpg\" alt=\"\" /> \n</p>\n<p>\n	<span style=\"white-space:normal;\">&nbsp;<img src=\"/editorImages/image/20181221/20181221223534_759353771.jpg\" alt=\"\" /></span> \n</p>\n<p>\n	<span style=\"white-space:normal;\"><img src=\"/editorImages/image/20181221/20181221223819_1652735726.jpg\" alt=\"\" /><br />\n</span> \n</p>\n<p>\n	<span style=\"white-space:normal;\"><img src=\"/editorImages/image/20181221/20181221223830_1372889006.jpg\" alt=\"\" /><br />\n</span>\n</p>\n<p>\n	<br />\n</p>\n<p>\n	<span style=\"white-space:normal;\"><span style=\"font-size:14px;\">&nbsp; &nbsp; &nbsp; 从图中可以看出苹果用户是隐形贫困人口，华为用户是高端商务人士，OPPO和VIVO是顾家主妇，小米是入门级白领。你们认为这个画像准吗？</span><span style=\"font-size:14px;\">我不知道这个调查从哪来的，是根据什么数据得出的结论，显然不太公正。查了半天没找到样本数据，难道就调查两个人？</span><span style=\"font-size:14px;\">穷，是我的错吗？我已经穷得只剩下iPhone了！！</span></span> \n</p>', 0, '2021-01-12 23:01:52', '2018-12-21 22:39:27', NULL);
INSERT INTO `cms_article` VALUES (22, 1, b'0', 1032, '今日头条要搞事情？要宣战腾讯？', NULL, NULL, 'relayrare', '网络整理', b'0', NULL, '中国', NULL, NULL, b'0', b'0', b'0', b'1', '飞聊；今日头条飞聊；', '今日头条（字节跳动）科技公司宣战腾讯社交，预计将上加社交app”飞聊“,域名已经秘密注册，正在研发中，据透露，雇重金挖来了微信团队的部分研发人员。', '<blockquote>\n	<p>\n		<span style=\"font-size:14px;\">很多人第一眼看到标题是不是心里都充满了疑问？今日头条不是做信息类的应用吗？要搞什么事情？又怎么扯上了腾讯？小编你是不是还没睡醒，说梦话呢！此事容小编慢慢道来，解决大家的疑点。</span> \n	</p>\n</blockquote>\n<p>\n	<span style=\"font-size:14px;\">&nbsp; &nbsp;  今日头条要开始做社交了？什么？要做社交？什么社交？小编你能不能把话说清楚点，今日头条要做社交app了，到这里大家清楚我要说什么了吧。今日头（字节跳动）科技公司条近年以来，在信息领域做得相当不错。相关数据显示：2018年上半年，中国移动互联网五大派系（腾讯系、今日头条系、百度系、阿里系、新浪系）占据总时长超过75%。其中，今日头条系独立APP用户使用时长已经位居第二，仅次于腾讯。信息流、短视频等是字节跳动（今日头条母公司）主要业务，今日头条目前已是公认的信息流广告霸主。数据统计，2016年收入为60亿元，2017年跃升至150亿元，2018年的目标是300-500亿元。当平台流量达到一定高度时，探索流量变现业务也成至关重要一环；今年以来，今日头条开始加速布局金融、教育、电商等领域。</span> \n</p>\n<p>\n	<span style=\"font-size:14px;\">&nbsp;<img src=\"/editorImages/image/20181221/20181221231659_467633584.png\" alt=\"\" /> &nbsp; &nbsp; &nbsp;</span> \n</p>\n<p>\n	<span style=\"font-size:14px;\">&nbsp; &nbsp; &nbsp; 这不最近今日头条仿佛看到了腾讯的遭遇(部分游戏因版号问题未成形就夭折，腾讯音乐上市三天遭遇破发，短视频产品层数不穷却难出彩。)，在C端业务上开疆拓土，短视频、游戏等业务上新动作不断，前几日在非常保密的的情况下突然购买了包括feiliao.com、f15.com、flipchat.com三个域名，有消息称其可能赶在春节前上线一款独立于头条的社交软件 “飞聊”。显然，这次他们瞄准的是腾讯的命脉——社交。</span><br />\n<span style=\"font-size:14px;\">&nbsp; &nbsp; &nbsp;<strong> 宣战腾讯(社交)</strong></span> \n</p>\n<p>\n	<span style=\"font-size:14px;\">&nbsp; &nbsp;&nbsp;“几乎没人能离开微信”，这应该是国内互联网不争的事实。拿到移动互联网红利的微信，无疑是当今最强悍的产品之一，10亿的全球月活让腾讯坐稳国内社交头把交椅，也让后来者只能望其项背。在社交这条路上，人人网、微博、来往、易信、米聊，乃至今年火起来的子弹短信，都曾想过分一杯羹，也有人喊出颠覆QQ或微信的口号。不过任一茬茬社交产品的野蛮生长，都未曾动过腾讯的社交根基。微信之所以成功，早前是靠着QQ的导流，而是现在微信之所以一直保持领导地位，除了社交功能外，腾讯一直在给他做加法，金融支付、社交、本地生活，游戏娱乐等等，让微信生态圈逐步覆盖生活的每个角落。根据电商报的消息，今日头条为了研发“飞聊”，专门从腾讯挖来了研发微信团队的几名核心成员，试图将微信的核心优势全部照搬到飞聊软件上。</span> \n</p>\n<p>\n	<span style=\"font-size:14px;\">&nbsp; &nbsp; &nbsp; &nbsp;欢聚时代CEO李学凌赌飞聊能够成功，“因为我看到太多成功的因素在里面，机会真的可能来了。”配合上用户想要逃离“微信中心”的心理，飞聊极有可能快速获得第一批用户，但是是否会像子弹短信一样经历过山车，还很难说。</span><br />\n<span style=\"font-size:14px;\">&nbsp; &nbsp; &nbsp; 按小编说成也社交败也社交。截止目前，字节跳动官方虽未透露飞聊的具体方向，但若重走熟人社交道路，可能很难突围成功。回想马化腾的那句“打败微信的，决不是另一个微信”，字节跳动必须找到自己的立足点。</span> \n</p>\n<p>\n	<span style=\"font-size:14px;\">&nbsp; &nbsp;</span> \n</p>\n<p>\n	&nbsp; &nbsp; &nbsp; &nbsp; &nbsp;\n</p>', 0, '2021-01-12 23:01:52', '2018-12-21 23:22:33', NULL);
INSERT INTO `cms_article` VALUES (26, 1, b'0', 1030, '网页版的俄罗斯方块终于来了', NULL, NULL, 'relayrare', '网络', b'0', NULL, '中国', NULL, NULL, b'0', b'0', b'0', b'1', '俄罗斯方块', '一款超级好玩的游戏“网页版俄罗斯方块”，界面好看，儿时童趣，程序员精心开发，支持手机端，只需要一个链接，立马就能玩。', '<blockquote style=\"text-indent:2em;\">\n	<p>\n		<span style=\"font-size:14px;\">&nbsp;提起“俄罗斯方块”游戏，相信很多人都玩过，童年的记忆，儿时的童趣。今天要给大家介绍的是一款网页版的，关于手机自带的或者儿时的游戏机很多人应该已经玩吐了，为什么要介绍这款网页版的呢？</span>\n	</p>\n</blockquote>\n<ol style=\"text-indent:2em;\">\n	<ol>\n		<li>\n			<span style=\"font-size:14px;\"><strong>网页的版我从未玩过，好奇</strong><strong>。</strong></span> \n		</li>\n		<li>\n			<span style=\"font-size:14px;\"><strong>这款网页版的界面做得还是蛮好看的</strong><strong>。</strong></span> \n		</li>\n		<li>\n			<span style=\"font-size:14px;\"><strong>支持手机端，想玩就玩，随时掏出手机就可以玩。</strong></span> \n		</li>\n		<li>\n			<span style=\"font-size:14px;\"><strong>自带音效。</strong></span> \n		</li>\n		<li>\n			<span style=\"font-size:14px;\"><strong>勾起童年的记忆（现在的智能手机上面不自带俄罗斯方块游戏了，我没找到）。</strong></span> \n		</li>\n		<li>\n			<span style=\"font-size:14px;\"><strong>最重要的一点是程序员开发的，小编自身就是程序员，必须支持啊</strong></span><span style=\"font-size:14px;\">！</span>&nbsp; &nbsp; &nbsp; &nbsp;&nbsp;\n		</li>\n	</ol>\n</ol>\n<p style=\"text-indent:2em;\">\n	<span style=\"font-size:14px;\">&nbsp; &nbsp; &nbsp; &nbsp;<img src=\"/editorImages/image/20190101/20190101155708_919120883.jpg\" alt=\"\" /></span> \n</p>\n<p>\n	<span style=\"font-size:14px;\"><span style=\"font-size:14px;text-indent:24px;white-space:normal;\">&nbsp; 附上美图一张和链接(</span><span style=\"font-size:14px;text-indent:24px;\">https://chvin.github.io/react-tetris/</span><span style=\"font-size:14px;text-indent:24px;white-space:normal;\">)</span><br />\n</span> \n</p>', 0, '2021-01-12 23:01:52', '2019-01-01 15:59:01', NULL);
INSERT INTO `cms_article` VALUES (29, 1, b'0', 1029, '.net爬虫是一门必修课', NULL, NULL, 'relayrare', '火虫网', b'0', NULL, '杭州', NULL, NULL, b'0', b'0', b'0', b'1', 'HtmlAgilityPack，.net爬虫', '本篇适合初学者学习爬虫，大概了解下什么是爬虫，介绍.net方面的网络操作类，及html结构的解析工具，从另一方面展现出不是一提爬虫，就是python怎样怎样,很多高级语言都可以爬虫，其实爬虫很简单，只是“爬虫”这个名字很霸气。', '<p style=\"text-indent:2em;\">\n	<span style=\"font-size:14px;\">网上关于爬虫的介绍很多，小编当初刚入门编程领域时老是听别人说爬虫怎么怎么好玩，对爬虫也没有概念，只知道这个名字特别牛叉，后来在采集数据时才真心明白\"爬虫\"其含义，不得不说取这个名字的人相当有水准，定登大雅之堂。关于这些概念小编就顺带一过，需要更详细的说明，请谷歌或百度知。小编今天要介绍的是.net爬虫，近几年，网上都在火吹python这门语言怎么怎么牛逼，凡是说爬虫的，谈人工智能的必能扯上python,当然小编这这里没有任何贬低python的意思。只是python爬的.net照样能干，java也可以，大部分高级语言都可以做到！好了，牛逼不多吹，下面亮真货。</span> \n</p>\n<p style=\"text-indent:2em;\">\n	<span style=\"font-size:14px;\">在抓取数据之前，我们心里大概有个思路；</span> \n</p>\n<p style=\"text-indent:2em;\">\n	<span style=\"font-size:14px;\"><strong>第一点</strong>：</span><span style=\"white-space:normal;font-size:14px;\">数据从网上来，</span><span style=\"font-size:14px;\">必然要用到网络操作类，在.net这方面有三个操作类供我们使用（WebClient,HttpClient,HttpWebRequest），</span><span style=\"white-space:normal;\"><span style=\"font-size:14px;\">WebClient操作简单粗暴、</span><span style=\"white-space:normal;\"><span style=\"font-size:14px;\">HttpClient使用时注意资源的释放问题、</span><span style=\"white-space:normal;font-size:14px;\">HttpWebRequest更接近底层，在使用时稍微麻烦点，其实三者一般想要的功能都可以实现。</span></span></span> \n</p>\n<p style=\"text-indent:2em;\">\n	<span style=\"white-space:normal;\"><span style=\"font-size:14px;\"><strong>第二点</strong>：抓取的数据里面都是和html元素混合在一起，那必然需要解析html结构，筛选出我们想要的数据。这方面介绍两款工具（</span><span style=\"white-space:nowrap;font-size:14px;\">HtmlAgilityPack结合XPath使用,AngleSharp</span><span style=\"font-size:14px;\">）。</span></span> \n</p>\n<p style=\"text-indent:2em;\">\n	<span style=\"font-size:14px;\">我们抓取下博客园的详情页数据，上代码；</span> \n</p>\n<p style=\"text-indent:2em;\">\n	<span style=\"font-size:14px;\"> </span> \n</p>\n<p style=\"text-indent:2em;\">\n	<br />\n</p>\n<pre class=\"prettyprint lang-cs\">public static void LoadWeb()\n        {\n            HtmlWeb client = new HtmlWeb();\n            string detailUrl = \"https://www.cnblogs.com/wangjiming/p/10098061.html\";\n            var doc = client.Load(detailUrl);\n            HtmlNode node = doc?.DocumentNode.SelectSingleNode(\"//div[@class=\'post\']\");\n            var title = node?.SelectSingleNode(\"h1[@class=\'postTitle\']\");\n            HtmlNode node2 = doc?.DocumentNode.SelectSingleNode(\"//div[@class=\'postBody\']\");\n            var content = node2?.SelectSingleNode(\"div[@id=\'cnblogs_post_body\']\");\n            Console.WriteLine(title?.InnerText);\n            Console.WriteLine(content?.InnerText);\n            Console.WriteLine(\"---------------\");\n            //提取所有图片共下载\n            string pat = @\"&lt;img\\b[^&lt;&gt;]*?\\bsrc[\\s\\t\\r\\n]*=[\\s\\t\\r\\n]*[\"\"\']?[\\s\\t\\r\\n]*(?&lt;imgUrl&gt;[^\\s\\t\\r\\n\"\"\'&lt;&gt;]*)[^&lt;&gt;]*?/?[\\s\\t\\r\\n]*&gt;\";\n            Regex r = new Regex(pat, RegexOptions.Compiled);\n            MatchCollection listImg = r.Matches(content.InnerHtml);\n            foreach (Match item in listImg)\n            {\n                if (item.Success)\n                {\n                    string url = item.Groups[1].Value.ToString();\n                    HttpDownLoad.DownloadUseWebClient(url, \"image\");\n                    string fullImgSrc = \"/editorImages/cpy\" + url.Substring(url.LastIndexOf(\'/\'));\n                    content.InnerHtml = content.InnerHtml.Replace(url, fullImgSrc);\n                    Console.WriteLine(content.InnerHtml);\n                }\n            }\n            Console.ReadLine();\n        } \n  贴上关于图片下载的方法(HttpDownLoad.DownloadUseWebClient(url, \"image\"));\n public static void DownloadUseWebClient( string url, string localPath,string webSite=null)\n        {\n            WebClient wc = new WebClient();\n            string fileName = Path.GetFileName(url);\n            string path = Path.Combine(localPath, fileName);\n            if (!Directory.Exists(localPath))\n            {\n                Directory.CreateDirectory(localPath);\n            }\n            if (File.Exists(path))\n            {\n                File.Delete(path);\n            }\n            wc.Headers.Add(\"Referer\", webSite);     \n            wc.DownloadFile(url, path);\n        } &nbsp;</pre>\n<p style=\"text-indent:2em;\">\n	大家可复制以上代码到vs中新建控制台自行去运行。\n</p>', 0, '2021-01-12 23:01:52', '2019-01-02 22:36:14', NULL);
INSERT INTO `cms_article` VALUES (30, 1, b'0', 1029, '一文彻底了解正向代理与反向代理', NULL, NULL, 'relayrare', '网络', b'0', NULL, '杭州', NULL, NULL, b'0', b'0', b'0', b'1', '正向代理,反向代理', '百度百科对正向代理还是反向代理的说明都是让人一头雾水，本篇立意更好的讲解什么是正向代理，什么是反向代理及二者的区别是什么，通过通俗的例子来深刻认知。', '<p style=\"text-indent:2em;\">\n	<span style=\"font-size:14px;line-height:2.5;\">在计算机世界，代理可分为「正向代理」和「反向代理」，比如著名的翻墙软件 Shadowsocks 就是一款正向代理软件，全世界前 1000 的高流量网站都在用的 Web 服务器 Nginx 也作为反向代理服务器，那么两者之间究竟有什么区别？我尝试着用浅显易懂的例子把两个概念解释清楚。</span> \n</p>\n<p style=\"text-indent:2em;\">\n	<span style=\"font-size:18px;line-height:2.5;\"><strong>正向代理</strong></span> \n</p>\n<p style=\"text-indent:2em;\">\n	<span style=\"font-size:14px;line-height:2.5;\">A 同学在大众创业、万众创新的大时代背景下开启他的创业之路，目前他遇到的最大的一个问题就是启动资金，于是他决定去找马云爸爸借钱，可想而知，最后碰一鼻子灰回来了，情急之下，他想到一个办法，找关系开后门，经过一番消息打探，原来A同学的大学老师王老师是马云的同学，于是A同学找到王老师，托王老师帮忙去马云那借 500 万过来，当然最后事成了。不过马云并不知道这钱是 A 同学借的，马云是借给王老师的，最后由王老师转交给 A 同学。</span> \n</p>\n<p style=\"text-indent:2em;\">\n	<span style=\"font-size:14px;line-height:2.5;\">这里的王老师在这个过程中扮演了一个非常关键的角色，就是代理，也可以说是正向代理，王老师代替 A 同学办这件事，这个过程中，真正借钱的人是谁，马云是不知道的，这点非常关键。</span> \n</p>\n<p style=\"text-indent:2em;\">\n	<span style=\"font-size:14px;line-height:2.5;\">我们常说的代理也就是只正向代理，正向代理的过程，它隐藏了真实的请求客户端，服务端不知道真实的客户端是谁，客户端请求的服务都被代理服务器代替来请求，科学上网工具 Shadowsocks 扮演的就是典型的正向代理角色。</span> \n</p>\n<p style=\"text-indent:2em;\">\n	<span style=\"font-size:14px;line-height:2.5;\">在天朝访问 www.google.com 时会被无情的墙掉，要想翻越这堵墙，你可以在国外用 Shadowsocks 来搭建一台代理服务器，代理帮我们请求 www.google.com，代理再把请求响应结果再返回给我。</span> \n</p>\n<p style=\"text-indent:2em;\">\n	<img src=\"/editorImages/image/20190103/20190103153520_1880126094.jpg\" alt=\"\" /> \n</p>\n<p style=\"text-indent:2em;\">\n	<span style=\"font-size:18px;line-height:2.5;\"><strong>反向代理</strong></span> \n</p>\n<p style=\"text-indent:2em;\">\n	<span style=\"font-size:14px;line-height:2.5;\">大家都有过这样的经历，拨打 10086 客服电话，一个地区的 10086 客服有几个或者几十个，你永远都不需要关心在电话那头的是哪一个，叫什么，男的，还是女的，漂亮的还是帅气的，你都不关心，你关心的是你的问题能不能得到专业的解答，你只需要拨通了10086 的总机号码，电话那头总会有人会回答你，只是有时慢有时快而已。</span> \n</p>\n<p style=\"text-indent:2em;\">\n	<span style=\"font-size:14px;line-height:2.5;\">这里的 10086 总机号码就是我们说的反向代理。客户不知道真正提供服务的人是谁。</span> \n</p>\n<p style=\"text-indent:2em;\">\n	<span style=\"font-size:14px;line-height:2.5;\">反向代理隐藏了真实的服务端，当我们访问 www.baidu.com 的时候，就像拨打 10086 一样，背后可能有成千上万台服务器为我们服务，但具体是哪一台，你不知道，也不需要知道，你只需要知道反向代理服务器是谁就好了。</span> \n</p>\n<p style=\"text-indent:2em;\">\n	<span style=\"font-size:14px;line-height:2.5;\">www.baidu.com 就是我们的反向代理服务器，反向代理服务器会帮我们把请求转发到提供真实计算的服务器那里去。Nginx 就是性能非常好的反向代理服务器，它可以用来做负载均衡。</span> \n</p>\n<p style=\"text-indent:2em;\">\n	<img src=\"/editorImages/image/20190103/20190103153534_1888587072.jpg\" alt=\"\" /><span style=\"font-size:14px;\"></span> \n</p>\n<p style=\"text-indent:2em;\">\n	<br />\n</p>\n<p style=\"text-indent:2em;\">\n	<span style=\"font-size:14px;color:#009900;line-height:2.5;\">二者的区别在于正向代理代理的是客户端，反向代理代理的是服务端。</span> \n</p>', 0, '2021-01-12 23:01:52', '2019-01-02 23:28:03', NULL);
INSERT INTO `cms_article` VALUES (31, 1, b'0', 1029, '关于线程和线程池看这篇就够了', NULL, NULL, '刘欣', '码农翻身', b'0', NULL, '杭州', NULL, NULL, b'0', b'0', b'0', b'1', '线程，线程池，多线程，进程', '关于线程和线程池的概念不管是书上还是网上的定义都是一大堆，看了总是一知半解，达不到完全掌握的状态，总遗忘。所以本偏介绍了关于线程和进程的区别，线程定义，并且为何选择多线程编程为何不选进程编程及为何使用线程池。', '<p>\n	<span style=\"font-size:14px;\">&nbsp; &nbsp; &nbsp;提起线程和线程池，无论是书上还是维基百科的说明看过都不止一两遍了，总是别人问的时候又懵逼了是不是？其实原因很简单，没有达到深刻的理解，只是去死记硬背了，这样时间久了，头脑中装的知识点越来越多肯定会忘记的，再加上平时不怎么去练习的话；所以首先第一步很重要，就是要去理解，下面我以人物交流的方式来洽谈线程和线程池。</span> \n</p>\n<p>\n	<span style=\"font-size:14px;\">同学： 大师，最近我在学习线程，有很多迷惑的地方。</span><br />\n<span style=\"font-size:14px;\"> 老师：说来听听，让为师给你排解一下。</span><br />\n<span style=\"font-size:14px;\"> 同学： 第一个问题问题就是为什么要多线程啊， 我看了操作系统中的多进程管理，不是挺好的吗？ 多线程似乎没有必要啊！</span><br />\n<span style=\"font-size:14px;\"> 老师：不错，多问问为什么，总是有好处的。所谓线程，就是程序代码的执行，一个进程至少得有一个线程，要不然，这个进程怎么运行？ 对吧？</span><br />\n<span style=\"font-size:14px;\"> 同学：这个我理解。</span><br />\n<span style=\"font-size:14px;\"> 老师：以你常用的Word为例，假设这个进程没有多线程（或者说它只有一个线程）， 如果它有个定时保存文档的功能，你想象下，</span><span style=\"font-size:14px;\">当这个自动保存的功能在运行的时候，你还能继续输入文字吗？</span><br />\n<span style=\"font-size:14px;\"> 同学：不能</span><br />\n<span style=\"font-size:14px;\"> 老师：对，这就是问题所在了，单线程只能干一件事情，无法并发和并行。直接导致用户体验不好。CPU快速的运算能力，还有多核，</span><span style=\"font-size:14px;\">就被浪费了。</span><br />\n<span style=\"font-size:14px;\"> 同学：那我完全可以用多进程来处理啊， 一个进程来接受用户输入文字，另外一个进程来自动保存。</span><br />\n<span style=\"font-size:14px;\"> 老师：是可以这么做，但进程是个重量级的家伙，并且进程之间是隔离的，他们要想共享数据，例如被编辑的文件内容，那是非常麻烦的。</span><span style=\"font-size:14px;\">古人云：进程是拥有资源的基本单位， 线程是CPU调度的基本单位，这句话你理解吗？</span><br />\n<span style=\"font-size:14px;\"> 同学：一知半解</span><br />\n<span style=\"font-size:14px;\"> 老师：举个例子，有两个进程，一个是Word， 一个是QQ音乐。 Word 进程打开了文件，这是它的资源，QQ音乐打开了Socket，</span><span style=\"font-size:14px;\">这也是它的资源。假设Word有两个线程：T1负责接受用户的文字输入，T2 负责自动保存。QQ音乐也有两个线程：T3负责从Socket中读取数据，T4负责对音乐数据进行解码。</span><span style=\"font-size:14px;\">操作系统在做调度的时候，基本单位不是Word,QQ音乐这样的进程，而是T1, T2,T3,T4这些线程。明白了吗？</span> \n</p>\n<p>\n	<span style=\"font-size:14px;\"><img src=\"/editorImages/image/20190103/20190103161920_185320998.jpg\" alt=\"\" /><br />\n</span> <span style=\"font-size:14px;\"> 同学：原来每个线程执行的都是进程代码的某个片段啊！ 对了，我听师兄们在讨论什么Java多线程编程，说是很复杂，但是他们从来没提到过Java 多进程编程，</span><span style=\"font-size:14px;\">这是怎么回事啊？</span><br />\n<span style=\"font-size:14px;\"> 老师：不错，你的师兄们都没有想到这个问题，看来你已经开始思考了。我先问你，你写的Java程序是不是运行在JVM中？ 对操作系统来说，JVM是个什么东西？</span><br />\n<span style=\"font-size:14px;\"> 同学：嗯... JVM其实就是java.exe运行起来，那它肯定是个进程了。</span><br />\n<span style=\"font-size:14px;\"> 老师：那在一个进程中还能进行多进程编程吗？</span><br />\n<span style=\"font-size:14px;\"> 同学：奥，那是肯定不行了，Java程序运行在JVM当中， JVM这个进程其实就是他们的容器。 我听说Python, Ruby 等动态语言也都有虚拟机，&nbsp;</span><br />\n<span style=\"font-size:14px;\"> 这么说他们也可以进行多线程编程了。</span><br />\n<span style=\"font-size:14px;\"> 老师：是啊，虚拟机是个好东西，你们真是遇上了好时候啊， 不用再费劲心机去操作内存。这虚拟机还能屏蔽操作系统的差异，</span><br />\n<span style=\"font-size:14px;\"> 你写的程序可以在任意的支持该语言虚拟机的操作系统中运行。 可移植性很重要，要不然，你在Mac/Windows上开发的程序怎么能不加修改地放到Linux上</span><br />\n<span style=\"font-size:14px;\"> 去运行呢？</span><br />\n<span style=\"font-size:14px;\"> 同学：我在Java 中创建了一个Thread对象，为什么要调用start方法才能启动线程？ 为什么不能直接调用run方法呢？</span><br />\n<span style=\"font-size:14px;\"> 老师：你要是直接调用run()方法，会是什么效果？</span><br />\n<span style=\"font-size:14px;\"> 同学：就是用当前线程去执行一个普通函数而已，根本没有什么新线程创建出来。</span><br />\n<span style=\"font-size:14px;\"> 老师：这就对了，你想创建一个新的线程出来，肯定得有准备工作啊，设置好这个线程的上下文，比如这个线程的栈（用于函数调用），线程的状态，这个</span> \n</p>\n<p>\n	<span style=\"font-size:14px;\">线程的PC(Program Counter）等等一系列信息以后，这个线程才可以被调度， 一旦被调度，就会执行那个run()方法了。</span><br />\n<span style=\"font-size:14px;\"> 同学：明白了大师，还有一个问题，既然线程是属于进程的，可以共享进程的资源， 那创建一个线程应该很轻松啊，为什么要有线程池这个东西呢？</span><br />\n<span style=\"font-size:14px;\"> 老师：虽然线程是个轻量级的东西， 但是对于互联网应用来说，如果每个用户的请求都创建一个线程，那会非常得多，服务器也是难于承受，</span><br />\n<span style=\"font-size:14px;\"> &nbsp;再说了，众多的线程去竞争CPU，不断切换，也会让CPU调度不堪重负，很多线程将不得不等待。所以前辈们的思路就是（1）用少量的线程 （2）&nbsp;</span><br />\n<span style=\"font-size:14px;\"> 让线程保持忙碌。</span><br />\n<span style=\"font-size:14px;\"> 同学：奥，就是说只创建一定数量的线程，让这些线程去处理所有的任务，任务执行完了以后，线程并不结束，而是回到线程池中去，等待接受下一个任务。</span> \n</p>\n<p>\n	<span style=\"font-size:14px;\"><img src=\"/editorImages/image/20190103/20190103162035_384092154.jpg\" alt=\"\" /><br />\n</span> <span style=\"font-size:14px;\"> 老师：这些线程可以预先创建，任务来了就不用临时再创建了，立刻开始服务。</span><br />\n<span style=\"font-size:14px;\"> 同学：预先创建？ 您刚才不是说线程是程序代码的执行吗？ 它是个动态的东西，怎么可能预先创建？ 如果真的创建起来了，就会调用run方法， 马上执行完了，</span><span style=\"font-size:14px;\">线程就结束了！</span><br />\n<span style=\"font-size:14px;\"> 老师：你忘了重要的一点，线程的状态。 当线程池的线程刚创建时，让他们进入阻塞状态：等待某个任务的到来。 如果任务来了，那就好办，唤醒其中一个</span> \n</p>\n<p>\n	<span style=\"font-size:14px;\">线程，让它拿到任务去执行即可。</span><br />\n<span style=\"font-size:14px;\"> 同学：可是怎么让他们进入阻塞状态？</span><br />\n<span style=\"font-size:14px;\"> 老师：看来之前的图我白画了， BlockingQueue听说过没有？ 没听说过？ 其实很简单，就是一个线程调用它的take()方法取数据时， 如果这个Queue中没有数</span> \n</p>\n<p>\n	<span style=\"font-size:14px;\">据，该线程会阻塞；同样，一个线程调用它的put方法放数据时，如果Queue满了， 也会阻塞。</span> \n</p>\n<p>\n	<span style=\"font-size:14px;\"><img src=\"/editorImages/image/20190103/20190103162134_1821999279.jpg\" alt=\"\" /><br />\n</span> <span style=\"font-size:14px;\"> 同学：奥，看来线程池中每个线程的run（）方法中，要设置一个循环，每次都尝试从BlockingQueue中获取任务，如果Queue是空的，就阻塞等待， 如果有任</span> \n</p>\n<p>\n	<span style=\"font-size:14px;\">务来了，就会通知到线程池的某一个线程去处理，处理完了以后，依然试图从BlockingQueue中获取任务，就这么依次循环下去。</span> \n</p>\n<p>\n	<span style=\"font-size:14px;\"> </span> \n</p>\n<pre class=\"prettyprint lang-cs\">线程池中的Worker线程：\npublic class WorkerThread extends Thread {\n\n    private BlockingQueue&lt;Task&gt; taskQueue = null;\n    private boolean       isStopped = false;\n    //持有一个BlockingQueue的实例\n    public WorkerThread(BlockingQueue&lt;Task&gt; queue){\n        taskQueue = queue;\n    }\n\n    public void run(){\n        while(!isStopped()){\n            try{\n                Task task = taskQueue.take();\n                task.execute();\n            } catch(Exception e){\n                //log or otherwise report exception,\n                //but keep pool thread alive.\n            }\n        }\n    }\n    \n}</pre>\n<span style=\"font-size:14px;\"> 老师：没错，你这个代码是一种简单的实现，我的老朋友Doug Lea大师写了一套非常好的实现，已经被吸收进JDK了，作为java.util.concurrent包的一部分，</span> \n<p>\n	<span style=\"font-size:14px;\">你直接调用即可，不用自己动手了。</span> \n</p>\n<p>\n	<span style=\"font-size:14px;\"> </span> \n</p>\n<pre class=\"prettyprint lang-cs\">ExecutorService executorService = Executors.newFixedThreadPool(10);\n\nexecutorService.execute(new Runnable() {\n    public void run() {\n        System.out.println(\"Asynchronous task\");\n    }\n});\n\nexecutorService.shutdown();</pre>\n<span style=\"font-size:14px;\">&nbsp; &nbsp; 本篇比较长，但是立意很明确，为了避免由于篇幅过长在观看的时候比较枯燥，采用了对话模式。</span><br />\n<span style=\"font-size:14px;\"></span> \n<p>\n	<br />\n</p>', 0, '2021-01-12 23:01:52', '2019-01-03 15:56:27', NULL);
INSERT INTO `cms_article` VALUES (33, 1, b'0', 1029, 'https原理你知道多少？', NULL, NULL, '老刘', '码农翻身', b'0', NULL, '中国', NULL, NULL, b'0', b'1', b'0', b'1', 'https原理,http请求', '本文尝试一步步还原HTTPS的设计过程，以理解为什么HTTPS最终会是这副模样。但是这并不代表HTTPS的真实设计过程。在阅读本文时，你可以尝试放下已有的对HTTPS的理解，这样更利于“还原”过程。', '<span style=\"color:#595959;font-family:-apple-system-font, BlinkMacSystemFont, &quot;font-size:15px;letter-spacing:1px;text-align:justify;white-space:normal;background-color:#FFFFFF;\"><section class=\"\" data-tools=\"135编辑器\" data-id=\"45865\" style=\"margin:0px;padding:0px;max-width:100%;box-sizing:border-box;color:#333333;font-family:微软雅黑;font-size:16px;letter-spacing:0.544px;text-align:justify;white-space:normal;background-color:#FFFFFF;border-width:0px;border-style:none;border-color:initial;overflow-wrap:break-word !important;\"><section style=\"margin:0.8em 0px 0.5em;padding:0px;max-width:100%;box-sizing:border-box !important;overflow-wrap:break-word !important;line-height:32px;font-weight:bold;\"><section style=\"margin:0px;padding:0px;max-width:100%;box-sizing:border-box !important;overflow-wrap:break-word !important;display:inline-block;float:left;min-width:32px;height:32px;vertical-align:top;text-align:center;\"><section data-width=\"100%\" style=\"margin:0px;padding:0px;max-width:100%;box-sizing:border-box;overflow-wrap:break-word !important;display:table;width:44px;color:inherit;border-color:#48C0A3;\"><section style=\"margin:0px;padding:0px;max-width:100%;box-sizing:border-box;overflow-wrap:break-word !important;display:table-cell;vertical-align:middle;color:#FEFEFE;border-color:#48C0A3;\"><span class=\"\" data-original-title=\"\" title=\"\" style=\"margin:0px;padding:0px;max-width:100%;box-sizing:border-box !important;overflow-wrap:break-word !important;color:#C6C6C7;font-size:50px;\">1</span></section><section style=\"margin:5px 0px 0px -6px;padding:0px;max-width:100%;box-sizing:border-box;overflow-wrap:break-word !important;width:18px;height:70px;border-left:1px solid #C6C6C7;background-color:#FEFEFE;transform:rotate(35deg);\"></section></section></section><section style=\"margin:0px 0px 0px 40px;padding:18px 0px 0px;max-width:100%;box-sizing:border-box;overflow-wrap:break-word !important;color:#737373;border-color:#48C0A3;\"><span style=\"margin:0px;padding:0px;max-width:100%;box-sizing:border-box !important;overflow-wrap:break-word !important;font-size:20px;\">&nbsp; 序言</span></section></section></section>\n<p style=\"margin-top:0px;margin-bottom:0px;padding:0px;max-width:100%;clear:both;min-height:1em;color:#333333;font-family:微软雅黑;font-size:16px;letter-spacing:0.544px;text-align:justify;white-space:normal;background-color:#FFFFFF;box-sizing:border-box !important;\">\n	<br />\n</p>\n<p style=\"margin-top:0px;margin-bottom:0px;padding:0px;max-width:100%;clear:both;min-height:1em;color:#333333;font-family:微软雅黑;font-size:16px;letter-spacing:0.544px;text-align:justify;white-space:normal;background-color:#FFFFFF;box-sizing:border-box !important;\">\n	<span style=\"margin:0px;padding:0px;max-width:100%;box-sizing:border-box !important;overflow-wrap:break-word !important;font-size:15px;\">今天来聊一聊https 安全传输的原理。</span> \n</p>\n<p style=\"margin-top:0px;margin-bottom:0px;padding:0px;max-width:100%;clear:both;min-height:1em;color:#333333;font-family:微软雅黑;font-size:16px;letter-spacing:0.544px;text-align:justify;white-space:normal;background-color:#FFFFFF;box-sizing:border-box !important;\">\n	<br />\n</p>\n<p style=\"margin-top:0px;margin-bottom:0px;padding:0px;max-width:100%;clear:both;min-height:1em;color:#333333;font-family:微软雅黑;font-size:16px;letter-spacing:0.544px;text-align:justify;white-space:normal;background-color:#FFFFFF;box-sizing:border-box !important;\">\n	<span style=\"margin:0px;padding:0px;max-width:100%;box-sizing:border-box !important;overflow-wrap:break-word !important;font-size:15px;\">在开始之前，我们来虚构两个人物， 一个是位于中国的张大胖（怎么又是你？！）， 还有一个是位于米国的Bill (怎么还是你？！)。</span> \n</p>\n<p style=\"margin-top:0px;margin-bottom:0px;padding:0px;max-width:100%;clear:both;min-height:1em;color:#333333;font-family:微软雅黑;font-size:16px;letter-spacing:0.544px;text-align:justify;white-space:normal;background-color:#FFFFFF;box-sizing:border-box !important;\">\n	<br />\n</p>\n<p style=\"margin-top:0px;margin-bottom:0px;padding:0px;max-width:100%;clear:both;min-height:1em;color:#333333;font-family:微软雅黑;font-size:16px;letter-spacing:0.544px;text-align:justify;white-space:normal;background-color:#FFFFFF;box-sizing:border-box !important;\">\n	<span style=\"margin:0px;padding:0px;max-width:100%;box-sizing:border-box !important;overflow-wrap:break-word !important;font-size:15px;\">这俩哥们隔着千山万水，通过网络联系上了， 两个人臭味相投，聊得火热。</span> \n</p>\n<p style=\"margin-top:0px;margin-bottom:0px;padding:0px;max-width:100%;clear:both;min-height:1em;color:#333333;font-family:微软雅黑;font-size:16px;letter-spacing:0.544px;text-align:justify;white-space:normal;background-color:#FFFFFF;box-sizing:border-box !important;\">\n	<br />\n</p>\n<p style=\"margin-top:0px;margin-bottom:0px;padding:0px;max-width:100%;clear:both;min-height:1em;color:#333333;font-family:微软雅黑;font-size:16px;letter-spacing:0.544px;text-align:justify;white-space:normal;background-color:#FFFFFF;box-sizing:border-box !important;\">\n	<span style=\"margin:0px;padding:0px;max-width:100%;box-sizing:border-box !important;overflow-wrap:break-word !important;font-size:15px;\">此时正值米国大选， 张大胖亲切地“致电”Bill, 对米国总统大选的情况表示强烈地关注。 Bill则回电说谢谢关心米国人的事情我们米国人自己做主，不用你们歪果仁瞎操心......</span> \n</p>\n<p style=\"margin-top:0px;margin-bottom:0px;padding:0px;max-width:100%;clear:both;min-height:1em;color:#333333;font-family:微软雅黑;font-size:16px;letter-spacing:0.544px;text-align:justify;white-space:normal;background-color:#FFFFFF;box-sizing:border-box !important;\">\n	<br />\n</p>\n<p style=\"margin-top:0px;margin-bottom:0px;padding:0px;max-width:100%;clear:both;min-height:1em;color:#333333;font-family:微软雅黑;font-size:16px;letter-spacing:0.544px;text-align:justify;white-space:normal;background-color:#FFFFFF;box-sizing:border-box !important;\">\n	<span style=\"margin:0px;padding:0px;max-width:100%;box-sizing:border-box !important;overflow-wrap:break-word !important;font-size:15px;\">张大胖继续<span style=\"margin:0px;padding:0px;max-width:100%;box-sizing:border-box !important;overflow-wrap:break-word !important;\">“致电”</span>说其实我们支持特朗普， 因为希拉里太情绪化，太难打交道了， 我们挺希望看到特朗普上台这样米国就会变成 The Divided State of America ......</span> \n</p>\n<p style=\"margin-top:0px;margin-bottom:0px;padding:0px;max-width:100%;clear:both;min-height:1em;color:#333333;font-family:微软雅黑;font-size:16px;letter-spacing:0.544px;text-align:justify;white-space:normal;background-color:#FFFFFF;box-sizing:border-box !important;\">\n	<br />\n</p>\n<p style=\"margin-top:0px;margin-bottom:0px;padding:0px;max-width:100%;clear:both;min-height:1em;color:#333333;font-family:微软雅黑;font-size:16px;letter-spacing:0.544px;text-align:justify;white-space:normal;background-color:#FFFFFF;box-sizing:border-box !important;\">\n	<span style=\"margin:0px;padding:0px;max-width:100%;box-sizing:border-box !important;overflow-wrap:break-word !important;font-size:15px;\">Bill 回电： 拉倒你吧你， 我们米国的政体有着强大的纠错性， 虽然有时候发展得慢， 有时候会走上岔路， 但很快就会回到正途，几百年来稳定得很，不像你们像坐了过山车一样.....</span> \n</p>\n<p style=\"margin-top:0px;margin-bottom:0px;padding:0px;max-width:100%;clear:both;min-height:1em;color:#333333;font-family:微软雅黑;font-size:16px;letter-spacing:0.544px;text-align:justify;white-space:normal;background-color:#FFFFFF;box-sizing:border-box !important;\">\n	<br />\n</p>\n<p style=\"margin-top:0px;margin-bottom:0px;padding:0px;max-width:100%;clear:both;min-height:1em;color:#333333;font-family:微软雅黑;font-size:16px;letter-spacing:0.544px;text-align:justify;white-space:normal;background-color:#FFFFFF;box-sizing:border-box !important;\">\n	<span style=\"margin:0px;padding:0px;max-width:100%;box-sizing:border-box !important;overflow-wrap:break-word !important;font-size:15px;\">两个人越聊越投机，天南地北，海阔天空，还夹杂着不少隐私的话题。</span> \n</p>\n<p style=\"margin-top:0px;margin-bottom:0px;padding:0px;max-width:100%;clear:both;min-height:1em;color:#333333;font-family:微软雅黑;font-size:16px;letter-spacing:0.544px;text-align:justify;white-space:normal;background-color:#FFFFFF;box-sizing:border-box !important;\">\n	<br />\n</p>\n<section class=\"\" data-tools=\"135编辑器\" data-id=\"45865\" style=\"margin:0px;padding:0px;max-width:100%;box-sizing:border-box;color:#333333;font-family:微软雅黑;font-size:16px;letter-spacing:0.544px;text-align:justify;white-space:normal;background-color:#FFFFFF;border-width:0px;border-style:none;border-color:initial;overflow-wrap:break-word !important;\"><section style=\"margin:0.8em 0px 0.5em;padding:0px;max-width:100%;box-sizing:border-box !important;overflow-wrap:break-word !important;line-height:32px;font-weight:bold;\"><section style=\"margin:0px;padding:0px;max-width:100%;box-sizing:border-box !important;overflow-wrap:break-word !important;display:inline-block;float:left;min-width:32px;height:32px;vertical-align:top;text-align:center;\"><section data-width=\"100%\" style=\"margin:0px;padding:0px;max-width:100%;box-sizing:border-box;overflow-wrap:break-word !important;display:table;width:44px;color:inherit;border-color:#48C0A3;\"><section style=\"margin:0px;padding:0px;max-width:100%;box-sizing:border-box;overflow-wrap:break-word !important;display:table-cell;vertical-align:middle;color:#FEFEFE;border-color:#48C0A3;\"><span class=\"\" data-original-title=\"\" title=\"\" style=\"margin:0px;padding:0px;max-width:100%;box-sizing:border-box !important;overflow-wrap:break-word !important;color:#C6C6C7;font-size:50px;\">2</span></section><section style=\"margin:5px 0px 0px -6px;padding:0px;max-width:100%;box-sizing:border-box;overflow-wrap:break-word !important;width:18px;height:70px;border-left:1px solid #C6C6C7;background-color:#FEFEFE;transform:rotate(35deg);\"></section></section></section><section style=\"margin:0px 0px 0px 40px;padding:18px 0px 0px;max-width:100%;box-sizing:border-box;overflow-wrap:break-word !important;color:#737373;border-color:#48C0A3;\"><span style=\"margin:0px;padding:0px;max-width:100%;box-sizing:border-box !important;overflow-wrap:break-word !important;font-size:20px;\">&nbsp;总是有一种被偷看的感觉</span></section></section></section>\n<p style=\"margin-top:0px;margin-bottom:0px;padding:0px;max-width:100%;clear:both;min-height:1em;color:#333333;font-family:微软雅黑;font-size:16px;letter-spacing:0.544px;text-align:justify;white-space:normal;background-color:#FFFFFF;box-sizing:border-box !important;\">\n	<br />\n</p>\n<p style=\"margin-top:0px;margin-bottom:0px;padding:0px;max-width:100%;clear:both;min-height:1em;color:#333333;font-family:微软雅黑;font-size:16px;letter-spacing:0.544px;text-align:justify;white-space:normal;background-color:#FFFFFF;box-sizing:border-box !important;\">\n	<span style=\"margin:0px;padding:0px;max-width:100%;box-sizing:border-box !important;overflow-wrap:break-word !important;font-size:15px;\">有一天， Bill 突然意识到： 坏了， 我们的通信是明文的， 这简直就是网络上裸奔啊， 任何一个不怀好意的家伙都可以监听我们通信，打开我们发送的数据包，窥探我们的隐私啊。</span> \n</p>\n<p style=\"margin-top:0px;margin-bottom:0px;padding:0px;max-width:100%;clear:both;min-height:1em;color:#333333;font-family:微软雅黑;font-size:16px;letter-spacing:0.544px;text-align:justify;white-space:normal;background-color:#FFFFFF;box-sizing:border-box !important;\">\n	<br />\n</p>\n<p style=\"margin-top:0px;margin-bottom:0px;padding:0px;max-width:100%;clear:both;min-height:1em;color:#333333;font-family:微软雅黑;font-size:16px;letter-spacing:0.544px;text-align:justify;white-space:normal;background-color:#FFFFFF;box-sizing:border-box !important;\">\n	<span style=\"margin:0px;padding:0px;max-width:100%;box-sizing:border-box !important;overflow-wrap:break-word !important;font-size:15px;\">张大胖说： “你不早点说，我刚才是不是把我的微信号给你发过去了？ 我是不是告诉你我上周去哪儿旅游了? &nbsp; 估计已经被人截取了吧！”</span> \n</p>\n<p style=\"margin-top:0px;margin-bottom:0px;padding:0px;max-width:100%;clear:both;min-height:1em;color:#333333;font-family:微软雅黑;font-size:16px;letter-spacing:0.544px;text-align:justify;white-space:normal;background-color:#FFFFFF;box-sizing:border-box !important;\">\n	<br />\n</p>\n<p style=\"margin-top:0px;margin-bottom:0px;padding:0px;max-width:100%;clear:both;min-height:1em;color:#333333;font-family:微软雅黑;font-size:16px;letter-spacing:0.544px;text-align:justify;white-space:normal;background-color:#FFFFFF;box-sizing:border-box !important;\">\n	<span style=\"margin:0px;padding:0px;max-width:100%;box-sizing:border-box !important;overflow-wrap:break-word !important;font-size:15px;\">Bill &nbsp;提议： “要不我们做个数据的加密？ 每次传输之前， 你把消息用一个加密算法加密， 然后发到我这里以后我再解密， 这样别人就无法偷窥了，像这样： ”</span> \n</p>\n<p style=\"margin-top:0px;margin-bottom:0px;padding:0px;max-width:100%;clear:both;min-height:1em;color:#333333;font-family:微软雅黑;font-size:16px;letter-spacing:0.544px;text-align:justify;white-space:normal;background-color:#FFFFFF;box-sizing:border-box !important;\">\n	<span style=\"margin:0px;padding:0px;max-width:100%;box-sizing:border-box !important;overflow-wrap:break-word !important;font-size:15px;\"><img src=\"/editorImages/image/20190326/20190326150507_695003043.png\" alt=\"\" /><br />\n</span> \n</p>\n<p style=\"margin-top:0px;margin-bottom:0px;padding:0px;max-width:100%;clear:both;min-height:1em;color:#333333;font-family:微软雅黑;font-size:16px;letter-spacing:0.544px;text-align:justify;white-space:normal;background-color:#FFFFFF;box-sizing:border-box !important;\">\n	<span style=\"margin:0px;padding:0px;max-width:100%;box-sizing:border-box !important;overflow-wrap:break-word !important;font-size:15px;\"> </span> \n</p>\n<p style=\"margin-top:0px;margin-bottom:0px;padding:0px;max-width:100%;clear:both;min-height:1em;color:#333333;font-family:微软雅黑;font-size:16px;letter-spacing:0.544px;text-align:justify;white-space:normal;background-color:#FFFFFF;box-sizing:border-box !important;\">\n	<span style=\"margin:0px;padding:0px;max-width:100%;box-sizing:border-box !important;overflow-wrap:break-word !important;font-size:15px;\">张大胖冰雪聪明，一看就明白了， 这<span style=\"margin:0px;padding:0px;max-width:100%;box-sizing:border-box !important;overflow-wrap:break-word !important;font-weight:bold;\">加密和解密算法是公开的，那个密钥是保密的</span>， 只有两人才知道， 这样生成的加密消息（密文） 别人就无法得知了。 他说： “Bill 老兄，你生成一个密钥， 然后把密钥发给我， 咱们这就开启加密消息， 让那些偷窥狂人们哭去吧！”</span> \n</p>\n<p style=\"margin-top:0px;margin-bottom:0px;padding:0px;max-width:100%;clear:both;min-height:1em;color:#333333;font-family:微软雅黑;font-size:16px;letter-spacing:0.544px;text-align:justify;white-space:normal;background-color:#FFFFFF;box-sizing:border-box !important;\">\n	<br />\n</p>\n<p style=\"margin-top:0px;margin-bottom:0px;padding:0px;max-width:100%;clear:both;min-height:1em;color:#333333;font-family:微软雅黑;font-size:16px;letter-spacing:0.544px;text-align:justify;white-space:normal;background-color:#FFFFFF;box-sizing:border-box !important;\">\n	<span style=\"margin:0px;padding:0px;max-width:100%;box-sizing:border-box !important;overflow-wrap:break-word !important;font-size:15px;\">（码农翻身注：这叫<span style=\"margin:0px;padding:0px;max-width:100%;box-sizing:border-box !important;overflow-wrap:break-word !important;font-weight:bold;\">对称加密算法，&nbsp;</span>因为加密和解密用的是同一个密钥）</span> \n</p>\n<p style=\"margin-top:0px;margin-bottom:0px;padding:0px;max-width:100%;clear:both;min-height:1em;color:#333333;font-family:微软雅黑;font-size:16px;letter-spacing:0.544px;text-align:justify;white-space:normal;background-color:#FFFFFF;box-sizing:border-box !important;\">\n	<br />\n</p>\n<p style=\"margin-top:0px;margin-bottom:0px;padding:0px;max-width:100%;clear:both;min-height:1em;color:#333333;font-family:微软雅黑;font-size:16px;letter-spacing:0.544px;text-align:justify;white-space:normal;background-color:#FFFFFF;box-sizing:border-box !important;\">\n	<span style=\"margin:0px;padding:0px;max-width:100%;box-sizing:border-box !important;overflow-wrap:break-word !important;font-size:15px;\">一炷香功夫过去了， Bill 还是没有回音， 张大胖忍不住地催促： “快发啊？！！！”</span> \n</p>\n<p style=\"margin-top:0px;margin-bottom:0px;padding:0px;max-width:100%;clear:both;min-height:1em;color:#333333;font-family:微软雅黑;font-size:16px;letter-spacing:0.544px;text-align:justify;white-space:normal;background-color:#FFFFFF;box-sizing:border-box !important;\">\n	<br />\n</p>\n<p style=\"margin-top:0px;margin-bottom:0px;padding:0px;max-width:100%;clear:both;min-height:1em;color:#333333;font-family:微软雅黑;font-size:16px;letter-spacing:0.544px;text-align:justify;white-space:normal;background-color:#FFFFFF;box-sizing:border-box !important;\">\n	<span style=\"margin:0px;padding:0px;max-width:100%;box-sizing:border-box !important;overflow-wrap:break-word !important;font-size:15px;\">Bill 终于回复了： “ 我感觉有一双眼睛正在虎视眈眈地盯着我们的通话， 如果我把密钥发给你， 也被他截取了， 那加密岂不白费工夫？”</span> \n</p>\n<p style=\"margin-top:0px;margin-bottom:0px;padding:0px;max-width:100%;clear:both;min-height:1em;color:#333333;font-family:微软雅黑;font-size:16px;letter-spacing:0.544px;text-align:justify;white-space:normal;background-color:#FFFFFF;box-sizing:border-box !important;\">\n	<br />\n</p>\n<p style=\"margin-top:0px;margin-bottom:0px;padding:0px;max-width:100%;clear:both;min-height:1em;color:#333333;font-family:微软雅黑;font-size:16px;letter-spacing:0.544px;text-align:justify;white-space:normal;background-color:#FFFFFF;box-sizing:border-box !important;\">\n	<span style=\"margin:0px;padding:0px;max-width:100%;box-sizing:border-box !important;overflow-wrap:break-word !important;font-size:15px;\">张大胖沉默了， 是啊， 网络是不安全的， 这密钥怎么安全地发过来啊 ？ </span> \n</p>\n<p style=\"margin-top:0px;margin-bottom:0px;padding:0px;max-width:100%;clear:both;min-height:1em;color:#333333;font-family:微软雅黑;font-size:16px;letter-spacing:0.544px;text-align:justify;white-space:normal;background-color:#FFFFFF;box-sizing:border-box !important;\">\n	<br />\n</p>\n<p style=\"margin-top:0px;margin-bottom:0px;padding:0px;max-width:100%;clear:both;min-height:1em;color:#333333;font-family:微软雅黑;font-size:16px;letter-spacing:0.544px;text-align:justify;white-space:normal;background-color:#FFFFFF;box-sizing:border-box !important;\">\n	<span style=\"margin:0px;padding:0px;max-width:100%;box-sizing:border-box !important;overflow-wrap:break-word !important;font-size:15px;\">“奥，对了，我下周要去米国旅游，到时候我们见一面，把密码确定下来，写到纸上，谁也偷不走， 这不就结了？” </span> \n</p>\n<p style=\"margin-top:0px;margin-bottom:0px;padding:0px;max-width:100%;clear:both;min-height:1em;color:#333333;font-family:微软雅黑;font-size:16px;letter-spacing:0.544px;text-align:justify;white-space:normal;background-color:#FFFFFF;box-sizing:border-box !important;\">\n	<br />\n</p>\n<p style=\"margin-top:0px;margin-bottom:0px;padding:0px;max-width:100%;clear:both;min-height:1em;color:#333333;font-family:微软雅黑;font-size:16px;letter-spacing:0.544px;text-align:justify;white-space:normal;background-color:#FFFFFF;box-sizing:border-box !important;\">\n	<span style=\"margin:0px;padding:0px;max-width:100%;box-sizing:border-box !important;overflow-wrap:break-word !important;font-size:15px;\">“哈哈， 这倒是终极解决之道 ” &nbsp;Bill 笑了， “不过，我不仅仅和你聊天， 我还要和易卜拉欣，阿卜杜拉， 弗拉基米尔，克里斯托夫，玛格丽特， 桥本龙太郎， 李贤俊， 许木木，郭芙蓉，吕秀才等人通信， 我总不能打着飞的，满世界的和人交换密码吧？ ”</span> \n</p>\n<p style=\"margin-top:0px;margin-bottom:0px;padding:0px;max-width:100%;clear:both;min-height:1em;color:#333333;font-family:微软雅黑;font-size:16px;letter-spacing:0.544px;text-align:justify;white-space:normal;background-color:#FFFFFF;box-sizing:border-box !important;\">\n	<br />\n</p>\n<p style=\"margin-top:0px;margin-bottom:0px;padding:0px;max-width:100%;clear:both;min-height:1em;color:#333333;font-family:微软雅黑;font-size:16px;letter-spacing:0.544px;text-align:justify;white-space:normal;background-color:#FFFFFF;box-sizing:border-box !important;\">\n	<span style=\"margin:0px;padding:0px;max-width:100%;box-sizing:border-box !important;overflow-wrap:break-word !important;font-size:15px;\">张大胖心里暗自佩服Bill同学的好友竟然遍布全球，看来他对加密通信的要求更加强烈啊！</span> \n</p>\n<p style=\"margin-top:0px;margin-bottom:0px;padding:0px;max-width:100%;clear:both;min-height:1em;color:#333333;font-family:微软雅黑;font-size:16px;letter-spacing:0.544px;text-align:justify;white-space:normal;background-color:#FFFFFF;box-sizing:border-box !important;\">\n	<br />\n</p>\n<p style=\"margin-top:0px;margin-bottom:0px;padding:0px;max-width:100%;clear:both;min-height:1em;color:#333333;font-family:微软雅黑;font-size:16px;letter-spacing:0.544px;text-align:justify;white-space:normal;background-color:#FFFFFF;box-sizing:border-box !important;\">\n	<span style=\"margin:0px;padding:0px;max-width:100%;box-sizing:border-box !important;overflow-wrap:break-word !important;font-size:15px;\">可是这个加密解密算法需要的密钥双方必须得知道啊， 但是密钥又无法通过网络发送， 这该死的偷窥者！</span> \n</p>\n<section class=\"\" data-tools=\"135编辑器\" data-id=\"45865\" style=\"margin:0px;padding:0px;max-width:100%;box-sizing:border-box;color:#333333;font-family:微软雅黑;font-size:16px;letter-spacing:0.544px;text-align:justify;white-space:normal;background-color:#FFFFFF;border-width:0px;border-style:none;border-color:initial;overflow-wrap:break-word !important;\"><section style=\"margin:0.8em 0px 0.5em;padding:0px;max-width:100%;box-sizing:border-box !important;overflow-wrap:break-word !important;line-height:32px;font-weight:bold;\"><section style=\"margin:0px;padding:0px;max-width:100%;box-sizing:border-box !important;overflow-wrap:break-word !important;display:inline-block;float:left;min-width:32px;height:32px;vertical-align:top;text-align:center;\"><section data-width=\"100%\" style=\"margin:0px;padding:0px;max-width:100%;box-sizing:border-box;overflow-wrap:break-word !important;display:table;width:44px;color:inherit;border-color:#48C0A3;\"><section style=\"margin:0px;padding:0px;max-width:100%;box-sizing:border-box;overflow-wrap:break-word !important;display:table-cell;vertical-align:middle;color:#FEFEFE;border-color:#48C0A3;\"><span class=\"\" data-original-title=\"\" title=\"\" style=\"margin:0px;padding:0px;max-width:100%;box-sizing:border-box !important;overflow-wrap:break-word !important;color:#C6C6C7;font-size:50px;\">3</span></section><section style=\"margin:5px 0px 0px -6px;padding:0px;max-width:100%;box-sizing:border-box;overflow-wrap:break-word !important;width:18px;height:70px;border-left:1px solid #C6C6C7;background-color:#FEFEFE;transform:rotate(35deg);\"></section></section></section><section style=\"margin:0px 0px 0px 40px;padding:18px 0px 0px;max-width:100%;box-sizing:border-box;overflow-wrap:break-word !important;font-size:30px;color:#737373;border-color:#48C0A3;\"><span class=\"\" data-brushtype=\"text\" style=\"margin:0px;padding:0px;max-width:100%;box-sizing:border-box !important;overflow-wrap:break-word !important;font-size:20px;\">&nbsp; RSA : 非对称加密</span></section></section></section>\n<p style=\"margin-top:0px;margin-bottom:0px;padding:0px;max-width:100%;clear:both;min-height:1em;color:#333333;font-family:微软雅黑;font-size:16px;letter-spacing:0.544px;text-align:justify;white-space:normal;background-color:#FFFFFF;box-sizing:border-box !important;\">\n	<br />\n</p>\n<p style=\"margin-top:0px;margin-bottom:0px;padding:0px;max-width:100%;clear:both;min-height:1em;color:#333333;font-family:微软雅黑;font-size:16px;letter-spacing:0.544px;text-align:justify;white-space:normal;background-color:#FFFFFF;box-sizing:border-box !important;\">\n	<span style=\"margin:0px;padding:0px;max-width:100%;box-sizing:border-box !important;overflow-wrap:break-word !important;font-size:15px;\">Bill 和 张大胖的通信无法加密，说话谨慎了不少， 直到有一天， 他们听说了一个叫做RSA的<span style=\"margin:0px;padding:0px;max-width:100%;box-sizing:border-box !important;overflow-wrap:break-word !important;font-weight:bold;\">非对称加密算法</span>，一下子来了灵感。</span> \n</p>\n<p style=\"margin-top:0px;margin-bottom:0px;padding:0px;max-width:100%;clear:both;min-height:1em;color:#333333;font-family:微软雅黑;font-size:16px;letter-spacing:0.544px;text-align:justify;white-space:normal;background-color:#FFFFFF;box-sizing:border-box !important;\">\n	<br />\n</p>\n<p style=\"margin-top:0px;margin-bottom:0px;padding:0px;max-width:100%;clear:both;min-height:1em;color:#333333;font-family:微软雅黑;font-size:16px;letter-spacing:0.544px;text-align:justify;white-space:normal;background-color:#FFFFFF;box-sizing:border-box !important;\">\n	<span style=\"margin:0px;padding:0px;max-width:100%;box-sizing:border-box !important;overflow-wrap:break-word !important;font-size:15px;\">这个RSA算法非常有意思，它不是像之前的算法， 双方必须协商一个保密的密钥， 而是有一对儿钥匙， 一个是保密的，称为<span style=\"margin:0px;padding:0px;max-width:100%;box-sizing:border-box !important;overflow-wrap:break-word !important;font-weight:bold;\">私钥</span>，另外一个是公开的，称为<span style=\"margin:0px;padding:0px;max-width:100%;box-sizing:border-box !important;overflow-wrap:break-word !important;font-weight:bold;\">公钥</span>。</span> \n</p>\n<p style=\"margin-top:0px;margin-bottom:0px;padding:0px;max-width:100%;clear:both;min-height:1em;color:#333333;font-family:微软雅黑;font-size:16px;letter-spacing:0.544px;text-align:justify;white-space:normal;background-color:#FFFFFF;box-sizing:border-box !important;\">\n	<br />\n</p>\n<p style=\"margin-top:0px;margin-bottom:0px;padding:0px;max-width:100%;clear:both;min-height:1em;color:#333333;font-family:微软雅黑;font-size:16px;letter-spacing:0.544px;text-align:justify;white-space:normal;background-color:#FFFFFF;box-sizing:border-box !important;\">\n	<span style=\"margin:0px;padding:0px;max-width:100%;box-sizing:border-box !important;overflow-wrap:break-word !important;font-size:15px;\">更有意思的是，<strong style=\"margin:0px;padding:0px;max-width:100%;box-sizing:border-box !important;overflow-wrap:break-word !important;\">用私钥加密的数据，只有对应的公钥才能解密，用公钥加密的数据， 只有对应的私钥才能解密</strong>。</span> \n</p>\n<div>\n	<span style=\"margin:0px;padding:0px;max-width:100%;box-sizing:border-box !important;overflow-wrap:break-word !important;font-size:15px;\"><br />\n</span> \n</div>\n<img src=\"/editorImages/image/20190326/20190326150616_1824568484.png\" alt=\"\" /><br />\n</span> \n<p>\n	<br />\n</p>\n<p style=\"margin-top:0px;margin-bottom:0px;padding:0px;max-width:100%;clear:both;min-height:1em;color:#333333;font-family:微软雅黑;font-size:16px;letter-spacing:0.544px;text-align:justify;white-space:normal;background-color:#FFFFFF;box-sizing:border-box !important;\">\n	<span style=\"margin:0px;padding:0px;max-width:100%;box-sizing:border-box !important;overflow-wrap:break-word !important;font-size:15px;\"><span style=\"color:#333333;font-family:微软雅黑;font-size:15px;letter-spacing:0.544px;text-align:justify;white-space:normal;background-color:#FFFFFF;\">有了这两个漂亮的特性， 当张大胖给Bill发消息的时候， 就可以先用Bill的公钥去加密（反正Bill的公钥是公开的，地球人都知道）， 等到消息被Bill 收到后， 他就可以用自己的私钥去解密（只有Bill才能解开，私钥是保密的 ）</span></span> \n</p>\n<p style=\"margin-top:0px;margin-bottom:0px;padding:0px;max-width:100%;clear:both;min-height:1em;color:#333333;font-family:微软雅黑;font-size:16px;letter-spacing:0.544px;text-align:justify;white-space:normal;background-color:#FFFFFF;box-sizing:border-box !important;\">\n	<span style=\"margin:0px;padding:0px;max-width:100%;box-sizing:border-box !important;overflow-wrap:break-word !important;font-size:15px;\"><img src=\"/editorImages/image/20190326/20190326150725_1127851968.png\" alt=\"\" /><br />\n</span> \n</p>\n<p style=\"margin-top:0px;margin-bottom:0px;padding:0px;max-width:100%;clear:both;min-height:1em;color:#333333;font-family:微软雅黑;font-size:16px;letter-spacing:0.544px;text-align:justify;white-space:normal;background-color:#FFFFFF;box-sizing:border-box !important;\">\n	<span style=\"margin:0px;padding:0px;max-width:100%;box-sizing:border-box !important;overflow-wrap:break-word !important;font-size:15px;\"></span> \n</p>\n<section class=\"\" data-tools=\"135编辑器\" data-id=\"45865\" style=\"margin:0px;padding:0px;max-width:100%;box-sizing:border-box;color:#333333;font-family:微软雅黑;font-size:16px;letter-spacing:0.544px;text-align:justify;white-space:normal;background-color:#FFFFFF;border-width:0px;border-style:none;border-color:initial;overflow-wrap:break-word !important;\">\n<p style=\"margin-top:0px;margin-bottom:0px;padding:0px;max-width:100%;clear:both;min-height:1em;box-sizing:border-box !important;\">\n	<span style=\"margin:0px;padding:0px;max-width:100%;box-sizing:border-box !important;overflow-wrap:break-word !important;font-size:15px;\">反过来也是如此， 当Bill 想给张大胖发消息的时候，就用张大胖的公钥加密， 张大胖收到后，就用自己的私钥解密。</span> \n</p>\n<p style=\"margin-top:0px;margin-bottom:0px;padding:0px;max-width:100%;clear:both;min-height:1em;box-sizing:border-box !important;\">\n	<br />\n</p>\n<p style=\"margin-top:0px;margin-bottom:0px;padding:0px;max-width:100%;clear:both;min-height:1em;box-sizing:border-box !important;\">\n	<span style=\"margin:0px;padding:0px;max-width:100%;box-sizing:border-box !important;overflow-wrap:break-word !important;font-size:15px;\">这样以来，通信安全固若金汤， 没有任何人能窥探他们的小秘密了。</span> \n</p>\n<p style=\"margin-top:0px;margin-bottom:0px;padding:0px;max-width:100%;clear:both;min-height:1em;box-sizing:border-box !important;\">\n	<br />\n</p>\n<section class=\"\" data-tools=\"135编辑器\" data-id=\"45865\" style=\"margin:0px;padding:0px;max-width:100%;box-sizing:border-box;overflow-wrap:break-word !important;border-width:0px;border-style:none;border-color:initial;\"><section style=\"margin:0.8em 0px 0.5em;padding:0px;max-width:100%;box-sizing:border-box !important;overflow-wrap:break-word !important;line-height:32px;font-weight:bold;\"><section style=\"margin:0px;padding:0px;max-width:100%;box-sizing:border-box !important;overflow-wrap:break-word !important;display:inline-block;float:left;min-width:32px;height:32px;vertical-align:top;text-align:center;\"><section data-width=\"100%\" style=\"margin:0px;padding:0px;max-width:100%;box-sizing:border-box;overflow-wrap:break-word !important;display:table;width:44px;color:inherit;border-color:#48C0A3;\"><section style=\"margin:0px;padding:0px;max-width:100%;box-sizing:border-box;overflow-wrap:break-word !important;display:table-cell;vertical-align:middle;color:#FEFEFE;border-color:#48C0A3;\"><span class=\"\" data-original-title=\"\" title=\"\" style=\"margin:0px;padding:0px;max-width:100%;box-sizing:border-box !important;overflow-wrap:break-word !important;color:#C6C6C7;font-size:50px;\">4</span></section><section style=\"margin:5px 0px 0px -6px;padding:0px;max-width:100%;box-sizing:border-box;overflow-wrap:break-word !important;width:18px;height:70px;border-left:1px solid #C6C6C7;background-color:#FEFEFE;transform:rotate(35deg);\"></section></section></section><section style=\"margin:0px 0px 0px 40px;padding:18px 0px 0px;max-width:100%;box-sizing:border-box;overflow-wrap:break-word !important;font-size:30px;color:#737373;border-color:#48C0A3;\"><span class=\"\" data-brushtype=\"text\" style=\"margin:0px;padding:0px;max-width:100%;box-sizing:border-box !important;overflow-wrap:break-word !important;font-size:20px;\">&nbsp;非对称加密+对称加密</span></section></section></section>\n<p style=\"margin-top:0px;margin-bottom:0px;padding:0px;max-width:100%;clear:both;min-height:1em;box-sizing:border-box !important;\">\n	<br />\n</p>\n</section>\n<p style=\"margin-top:0px;margin-bottom:0px;padding:0px;max-width:100%;clear:both;min-height:1em;color:#333333;font-family:微软雅黑;font-size:16px;letter-spacing:0.544px;text-align:justify;white-space:normal;background-color:#FFFFFF;box-sizing:border-box !important;\">\n	<span style=\"margin:0px;padding:0px;max-width:100%;box-sizing:border-box !important;overflow-wrap:break-word !important;font-size:15px;\">两人实验了几次， &nbsp;张大胖说： “Bill &nbsp;, 你有没有感觉这个RSA的加密和解密有点慢啊？”<br style=\"margin:0px;padding:0px;max-width:100%;box-sizing:border-box !important;overflow-wrap:break-word !important;\" />\n</span> \n</p>\n<p style=\"margin-top:0px;margin-bottom:0px;padding:0px;max-width:100%;clear:both;min-height:1em;color:#333333;font-family:微软雅黑;font-size:16px;letter-spacing:0.544px;text-align:justify;white-space:normal;background-color:#FFFFFF;box-sizing:border-box !important;\">\n	<br />\n</p>\n<p style=\"margin-top:0px;margin-bottom:0px;padding:0px;max-width:100%;clear:both;min-height:1em;color:#333333;font-family:微软雅黑;font-size:16px;letter-spacing:0.544px;text-align:justify;white-space:normal;background-color:#FFFFFF;box-sizing:border-box !important;\">\n	<span style=\"margin:0px;padding:0px;max-width:100%;box-sizing:border-box !important;overflow-wrap:break-word !important;font-size:15px;\">Bill叹了口气 ：“是啊， 我也注意到了， 刚才搜了一下，这个RSA算法比之前的对称密钥算法要慢上百倍。我们就是加个密而已，现在搞得都没法用了”</span> \n</p>\n<p style=\"margin-top:0px;margin-bottom:0px;padding:0px;max-width:100%;clear:both;min-height:1em;color:#333333;font-family:微软雅黑;font-size:16px;letter-spacing:0.544px;text-align:justify;white-space:normal;background-color:#FFFFFF;box-sizing:border-box !important;\">\n	<br />\n</p>\n<p style=\"margin-top:0px;margin-bottom:0px;padding:0px;max-width:100%;clear:both;min-height:1em;color:#333333;font-family:微软雅黑;font-size:16px;letter-spacing:0.544px;text-align:justify;white-space:normal;background-color:#FFFFFF;box-sizing:border-box !important;\">\n	<span style=\"margin:0px;padding:0px;max-width:100%;box-sizing:border-box !important;overflow-wrap:break-word !important;font-size:15px;\">“回到咱们最初的问题，我们想用一个密钥来加密通信，那个对称加密算法是非常快的，但是苦于密钥无法安全传输， 现在有了RSA ,我想可以结合一下， 分两步走 <span style=\"margin:0px;padding:0px;max-width:100%;box-sizing:border-box !important;overflow-wrap:break-word !important;font-weight:bold;\">(1) 我生成一个对称加密算法的密钥， 用RSA的方式安全发给你， &nbsp;(2) 我们随后就不用RSA了， 只用这个密钥，利用对称加密算法来通信, &nbsp;如何</span>？ &nbsp; ”</span> \n</p>\n<p style=\"margin-top:0px;margin-bottom:0px;padding:0px;max-width:100%;clear:both;min-height:1em;color:#333333;font-family:微软雅黑;font-size:16px;letter-spacing:0.544px;text-align:justify;white-space:normal;background-color:#FFFFFF;box-sizing:border-box !important;\">\n	<br />\n</p>\n<p style=\"margin-top:0px;margin-bottom:0px;padding:0px;max-width:100%;clear:both;min-height:1em;color:#333333;font-family:微软雅黑;font-size:16px;letter-spacing:0.544px;text-align:justify;white-space:normal;background-color:#FFFFFF;box-sizing:border-box !important;\">\n	<span style=\"margin:0px;padding:0px;max-width:100%;box-sizing:border-box !important;overflow-wrap:break-word !important;font-size:15px;\">Bill 说： “你小子可以啊， 这样以来既解决了密钥的传递问题， 又解决了RSA速度慢的问题，不错。” </span> \n</p>\n<p style=\"margin-top:0px;margin-bottom:0px;padding:0px;max-width:100%;clear:both;min-height:1em;color:#333333;font-family:微软雅黑;font-size:16px;letter-spacing:0.544px;text-align:justify;white-space:normal;background-color:#FFFFFF;box-sizing:border-box !important;\">\n	<br />\n</p>\n<p style=\"margin-top:0px;margin-bottom:0px;padding:0px;max-width:100%;clear:both;min-height:1em;color:#333333;font-family:微软雅黑;font-size:16px;letter-spacing:0.544px;text-align:justify;white-space:normal;background-color:#FFFFFF;box-sizing:border-box !important;\">\n	<span style=\"margin:0px;padding:0px;max-width:100%;box-sizing:border-box !important;overflow-wrap:break-word !important;font-size:15px;\">于是两人就安全地传递了对称加密的密钥， 用它来加密解密，果然快多了！</span> \n</p>\n<p style=\"margin-top:0px;margin-bottom:0px;padding:0px;max-width:100%;clear:both;min-height:1em;color:#333333;font-family:微软雅黑;font-size:16px;letter-spacing:0.544px;text-align:justify;white-space:normal;background-color:#FFFFFF;box-sizing:border-box !important;\">\n	<br />\n</p>\n<section class=\"\" data-tools=\"135编辑器\" data-id=\"45865\" style=\"margin:0px;padding:0px;max-width:100%;box-sizing:border-box;color:#333333;font-family:微软雅黑;font-size:16px;letter-spacing:0.544px;text-align:justify;white-space:normal;background-color:#FFFFFF;border-width:0px;border-style:none;border-color:initial;overflow-wrap:break-word !important;\"><section style=\"margin:0.8em 0px 0.5em;padding:0px;max-width:100%;box-sizing:border-box !important;overflow-wrap:break-word !important;line-height:32px;font-weight:bold;\"><section style=\"margin:0px;padding:0px;max-width:100%;box-sizing:border-box !important;overflow-wrap:break-word !important;display:inline-block;float:left;min-width:32px;height:32px;vertical-align:top;text-align:center;\"><section data-width=\"100%\" style=\"margin:0px;padding:0px;max-width:100%;box-sizing:border-box;overflow-wrap:break-word !important;display:table;width:44px;color:inherit;border-color:#48C0A3;\"><section style=\"margin:0px;padding:0px;max-width:100%;box-sizing:border-box;overflow-wrap:break-word !important;display:table-cell;vertical-align:middle;color:#FEFEFE;border-color:#48C0A3;\"><span class=\"\" data-original-title=\"\" title=\"\" style=\"margin:0px;padding:0px;max-width:100%;box-sizing:border-box !important;overflow-wrap:break-word !important;color:#C6C6C7;font-size:50px;\">5</span></section><section style=\"margin:5px 0px 0px -6px;padding:0px;max-width:100%;box-sizing:border-box;overflow-wrap:break-word !important;width:18px;height:70px;border-left:1px solid #C6C6C7;background-color:#FEFEFE;transform:rotate(35deg);\"></section></section></section><section style=\"margin:0px 0px 0px 40px;padding:18px 0px 0px;max-width:100%;box-sizing:border-box;overflow-wrap:break-word !important;color:#737373;border-color:#48C0A3;\"><span style=\"margin:0px;padding:0px;max-width:100%;box-sizing:border-box !important;overflow-wrap:break-word !important;font-size:20px;\">&nbsp;中间人攻击</span></section></section></section>\n<p style=\"margin-top:0px;margin-bottom:0px;padding:0px;max-width:100%;clear:both;min-height:1em;color:#333333;font-family:微软雅黑;font-size:16px;letter-spacing:0.544px;text-align:justify;white-space:normal;background-color:#FFFFFF;box-sizing:border-box !important;\">\n	<br />\n</p>\n<p style=\"margin-top:0px;margin-bottom:0px;padding:0px;max-width:100%;clear:both;min-height:1em;color:#333333;font-family:微软雅黑;font-size:16px;letter-spacing:0.544px;text-align:justify;white-space:normal;background-color:#FFFFFF;box-sizing:border-box !important;\">\n	<br />\n</p>\n<p style=\"margin-top:0px;margin-bottom:0px;padding:0px;max-width:100%;clear:both;min-height:1em;color:#333333;font-family:微软雅黑;font-size:16px;letter-spacing:0.544px;text-align:justify;white-space:normal;background-color:#FFFFFF;box-sizing:border-box !important;\">\n	<span style=\"margin:0px;padding:0px;max-width:100%;box-sizing:border-box !important;overflow-wrap:break-word !important;font-size:15px;\">张大胖把和Bill 聊天的情况给老婆汇报了一次。</span> \n</p>\n<p style=\"margin-top:0px;margin-bottom:0px;padding:0px;max-width:100%;clear:both;min-height:1em;color:#333333;font-family:微软雅黑;font-size:16px;letter-spacing:0.544px;text-align:justify;white-space:normal;background-color:#FFFFFF;box-sizing:border-box !important;\">\n	<br />\n</p>\n<p style=\"margin-top:0px;margin-bottom:0px;padding:0px;max-width:100%;clear:both;min-height:1em;color:#333333;font-family:微软雅黑;font-size:16px;letter-spacing:0.544px;text-align:justify;white-space:normal;background-color:#FFFFFF;box-sizing:border-box !important;\">\n	<span style=\"margin:0px;padding:0px;max-width:100%;box-sizing:border-box !important;overflow-wrap:break-word !important;font-size:15px;\">老婆告诫他说： “你要小心啊， 你确定网络那边坐着的确实是Bill ?”</span> \n</p>\n<p style=\"margin-top:0px;margin-bottom:0px;padding:0px;max-width:100%;clear:both;min-height:1em;color:#333333;font-family:微软雅黑;font-size:16px;letter-spacing:0.544px;text-align:justify;white-space:normal;background-color:#FFFFFF;box-sizing:border-box !important;\">\n	<br />\n</p>\n<p style=\"margin-top:0px;margin-bottom:0px;padding:0px;max-width:100%;clear:both;min-height:1em;color:#333333;font-family:微软雅黑;font-size:16px;letter-spacing:0.544px;text-align:justify;white-space:normal;background-color:#FFFFFF;box-sizing:border-box !important;\">\n	<span style=\"margin:0px;padding:0px;max-width:100%;box-sizing:border-box !important;overflow-wrap:break-word !important;font-size:15px;\">张大胖着急地辩解说：“肯定是他啊，我都有他的公钥，我们俩的通信都是加密的。”</span> \n</p>\n<p style=\"margin-top:0px;margin-bottom:0px;padding:0px;max-width:100%;clear:both;min-height:1em;color:#333333;font-family:微软雅黑;font-size:16px;letter-spacing:0.544px;text-align:justify;white-space:normal;background-color:#FFFFFF;box-sizing:border-box !important;\">\n	<br />\n</p>\n<p style=\"margin-top:0px;margin-bottom:0px;padding:0px;max-width:100%;clear:both;min-height:1em;color:#333333;font-family:微软雅黑;font-size:16px;letter-spacing:0.544px;text-align:justify;white-space:normal;background-color:#FFFFFF;box-sizing:border-box !important;\">\n	<span style=\"margin:0px;padding:0px;max-width:100%;box-sizing:border-box !important;overflow-wrap:break-word !important;font-size:15px;\">老婆提醒道：＂假如啊，Bill给你发公钥的时候， 有个中间人，截取了Bill的公钥， 然后把自己的公钥发给了你，冒充Bill ，你发的消息就用中间人的公钥加了密，　那中间人不就可以解密看到消息了？＂</span> \n</p>\n<p style=\"margin-top:0px;margin-bottom:0px;padding:0px;max-width:100%;clear:both;min-height:1em;color:#333333;font-family:微软雅黑;font-size:16px;letter-spacing:0.544px;text-align:justify;white-space:normal;background-color:#FFFFFF;box-sizing:border-box !important;\">\n	<br />\n</p>\n<p style=\"margin-top:0px;margin-bottom:0px;padding:0px;max-width:100%;clear:both;min-height:1em;color:#333333;font-family:微软雅黑;font-size:16px;letter-spacing:0.544px;text-align:justify;white-space:normal;background-color:#FFFFFF;box-sizing:border-box !important;\">\n	<span style=\"margin:0px;padding:0px;max-width:100%;box-sizing:border-box !important;overflow-wrap:break-word !important;font-size:15px;\">张大胖背后出汗了，是啊，这个中间人解密以后，还可以用Bill的公钥加密，发给Bill , &nbsp;Bill和我根本都意识不到， 还以为我们在安全传输呢！</span> \n</p>\n<img src=\"/editorImages/image/20190326/20190326150835_1838133181.png\" alt=\"\" /><br />\n<p>\n	<br />\n</p>\n<p style=\"margin-top:0px;margin-bottom:0px;padding:0px;max-width:100%;clear:both;min-height:1em;color:#333333;font-family:微软雅黑;font-size:16px;letter-spacing:0.544px;text-align:justify;white-space:normal;background-color:#FFFFFF;box-sizing:border-box !important;\">\n	<span style=\"margin:0px;padding:0px;max-width:100%;box-sizing:border-box !important;overflow-wrap:break-word !important;font-size:15px;\"> </span> \n</p>\n<p style=\"margin-top:0px;margin-bottom:0px;padding:0px;max-width:100%;clear:both;min-height:1em;color:#333333;font-family:微软雅黑;font-size:16px;letter-spacing:0.544px;text-align:justify;white-space:normal;background-color:#FFFFFF;box-sizing:border-box !important;\">\n	<strong style=\"margin:0px;padding:0px;max-width:100%;box-sizing:border-box !important;overflow-wrap:break-word !important;\"><span style=\"margin:0px;padding:0px;max-width:100%;box-sizing:border-box !important;overflow-wrap:break-word !important;font-size:15px;\">看来问题出现在公钥的分发上</span></strong><span style=\"margin:0px;padding:0px;max-width:100%;box-sizing:border-box !important;overflow-wrap:break-word !important;font-size:15px;\">！ &nbsp;虽然这个东西是公开的， 但是在别有用心的人看来，截取以后还可以干坏事 ！</span> \n</p>\n<p style=\"margin-top:0px;margin-bottom:0px;padding:0px;max-width:100%;clear:both;min-height:1em;color:#333333;font-family:微软雅黑;font-size:16px;letter-spacing:0.544px;text-align:justify;white-space:normal;background-color:#FFFFFF;box-sizing:border-box !important;\">\n	<br />\n</p>\n<section class=\"\" data-tools=\"135编辑器\" data-id=\"45865\" style=\"margin:0px;padding:0px;max-width:100%;box-sizing:border-box;color:#333333;font-family:微软雅黑;font-size:16px;letter-spacing:0.544px;text-align:justify;white-space:normal;background-color:#FFFFFF;border-width:0px;border-style:none;border-color:initial;overflow-wrap:break-word !important;\"><section style=\"margin:0.8em 0px 0.5em;padding:0px;max-width:100%;box-sizing:border-box !important;overflow-wrap:break-word !important;line-height:32px;font-weight:bold;\"><section style=\"margin:0px;padding:0px;max-width:100%;box-sizing:border-box !important;overflow-wrap:break-word !important;display:inline-block;float:left;min-width:32px;height:32px;vertical-align:top;text-align:center;\"><section data-width=\"100%\" style=\"margin:0px;padding:0px;max-width:100%;box-sizing:border-box;overflow-wrap:break-word !important;display:table;width:44px;color:inherit;border-color:#48C0A3;\"><section style=\"margin:0px;padding:0px;max-width:100%;box-sizing:border-box;overflow-wrap:break-word !important;display:table-cell;vertical-align:middle;color:#FEFEFE;border-color:#48C0A3;\"><span class=\"\" data-original-title=\"\" title=\"\" style=\"margin:0px;padding:0px;max-width:100%;box-sizing:border-box !important;overflow-wrap:break-word !important;color:#C6C6C7;font-size:50px;\">6</span></section><section style=\"margin:5px 0px 0px -6px;padding:0px;max-width:100%;box-sizing:border-box;overflow-wrap:break-word !important;width:18px;height:70px;border-left:1px solid #C6C6C7;background-color:#FEFEFE;transform:rotate(35deg);\"></section></section></section><section style=\"margin:0px 0px 0px 40px;padding:18px 0px 0px;max-width:100%;box-sizing:border-box;overflow-wrap:break-word !important;font-size:30px;color:#737373;border-color:#48C0A3;\"><span class=\"\" data-brushtype=\"text\" style=\"margin:0px;padding:0px;max-width:100%;box-sizing:border-box !important;overflow-wrap:break-word !important;font-size:20px;\">&nbsp;你到底是谁？</span></section></section></section>\n<p style=\"margin-top:0px;margin-bottom:0px;padding:0px;max-width:100%;clear:both;min-height:1em;color:#333333;font-family:微软雅黑;font-size:16px;letter-spacing:0.544px;text-align:justify;white-space:normal;background-color:#FFFFFF;box-sizing:border-box !important;\">\n	<br />\n</p>\n<p style=\"margin-top:0px;margin-bottom:0px;padding:0px;max-width:100%;clear:both;min-height:1em;color:#333333;font-family:微软雅黑;font-size:16px;letter-spacing:0.544px;text-align:justify;white-space:normal;background-color:#FFFFFF;box-sizing:border-box !important;\">\n	<span style=\"margin:0px;padding:0px;max-width:100%;box-sizing:border-box !important;overflow-wrap:break-word !important;font-size:15px;\">但是怎么安全地分发公钥呢？ 似乎又回到了最初的问题： 怎么安全的保护密钥？</span> \n</p>\n<p style=\"margin-top:0px;margin-bottom:0px;padding:0px;max-width:100%;clear:both;min-height:1em;color:#333333;font-family:微软雅黑;font-size:16px;letter-spacing:0.544px;text-align:justify;white-space:normal;background-color:#FFFFFF;box-sizing:border-box !important;\">\n	<br />\n</p>\n<p style=\"margin-top:0px;margin-bottom:0px;padding:0px;max-width:100%;clear:both;min-height:1em;color:#333333;font-family:微软雅黑;font-size:16px;letter-spacing:0.544px;text-align:justify;white-space:normal;background-color:#FFFFFF;box-sizing:border-box !important;\">\n	<span style=\"margin:0px;padding:0px;max-width:100%;box-sizing:border-box !important;overflow-wrap:break-word !important;font-size:15px;\">可是似乎和最初的问题还不一样，这一次的公钥不用保密，但是一定得有个办法<span style=\"margin:0px;padding:0px;max-width:100%;box-sizing:border-box !important;overflow-wrap:break-word !important;font-weight:bold;\">声明这个公钥确实是Bill</span>的， 而不是别人的。</span> \n</p>\n<p style=\"margin-top:0px;margin-bottom:0px;padding:0px;max-width:100%;clear:both;min-height:1em;color:#333333;font-family:微软雅黑;font-size:16px;letter-spacing:0.544px;text-align:justify;white-space:normal;background-color:#FFFFFF;box-sizing:border-box !important;\">\n	<span style=\"margin:0px;padding:0px;max-width:100%;box-sizing:border-box !important;overflow-wrap:break-word !important;font-size:15px;\"><br style=\"margin:0px;padding:0px;max-width:100%;box-sizing:border-box !important;overflow-wrap:break-word !important;\" />\n</span> \n</p>\n<p style=\"margin-top:0px;margin-bottom:0px;padding:0px;max-width:100%;clear:both;min-height:1em;color:#333333;font-family:微软雅黑;font-size:16px;letter-spacing:0.544px;text-align:justify;white-space:normal;background-color:#FFFFFF;box-sizing:border-box !important;\">\n	<span style=\"margin:0px;padding:0px;max-width:100%;box-sizing:border-box !important;overflow-wrap:break-word !important;font-size:15px;\">怎么声明呢？</span> \n</p>\n<p style=\"margin-top:0px;margin-bottom:0px;padding:0px;max-width:100%;clear:both;min-height:1em;color:#333333;font-family:微软雅黑;font-size:16px;letter-spacing:0.544px;text-align:justify;white-space:normal;background-color:#FFFFFF;box-sizing:border-box !important;\">\n	<br />\n</p>\n<p style=\"margin-top:0px;margin-bottom:0px;padding:0px;max-width:100%;clear:both;min-height:1em;color:#333333;font-family:微软雅黑;font-size:16px;letter-spacing:0.544px;text-align:justify;white-space:normal;background-color:#FFFFFF;box-sizing:border-box !important;\">\n	<span style=\"margin:0px;padding:0px;max-width:100%;box-sizing:border-box !important;overflow-wrap:break-word !important;font-size:15px;\">张大胖突然想到： 现实中有公证处，它提供的公证材料大家都信任，那在网络世界也可以建立一个这样的具备公信力的认证中心， 这个中心给大家颁发一个证书， 用于证明一个人的身份。</span> \n</p>\n<p style=\"margin-top:0px;margin-bottom:0px;padding:0px;max-width:100%;clear:both;min-height:1em;color:#333333;font-family:微软雅黑;font-size:16px;letter-spacing:0.544px;text-align:justify;white-space:normal;background-color:#FFFFFF;box-sizing:border-box !important;\">\n	<br />\n</p>\n<p style=\"margin-top:0px;margin-bottom:0px;padding:0px;max-width:100%;clear:both;min-height:1em;color:#333333;font-family:微软雅黑;font-size:16px;letter-spacing:0.544px;text-align:justify;white-space:normal;background-color:#FFFFFF;box-sizing:border-box !important;\">\n	<span style=\"margin:0px;padding:0px;max-width:100%;box-sizing:border-box !important;overflow-wrap:break-word !important;font-size:15px;\">这个证书里除了包含一个人的基本信息之外，还有包括最关键的一环：这个人的公钥！</span> \n</p>\n<p style=\"margin-top:0px;margin-bottom:0px;padding:0px;max-width:100%;clear:both;min-height:1em;color:#333333;font-family:微软雅黑;font-size:16px;letter-spacing:0.544px;text-align:justify;white-space:normal;background-color:#FFFFFF;box-sizing:border-box !important;\">\n	<br />\n</p>\n<p style=\"margin-top:0px;margin-bottom:0px;padding:0px;max-width:100%;clear:both;min-height:1em;color:#333333;font-family:微软雅黑;font-size:16px;letter-spacing:0.544px;text-align:justify;white-space:normal;background-color:#FFFFFF;box-sizing:border-box !important;\">\n	<span style=\"margin:0px;padding:0px;max-width:100%;box-sizing:border-box !important;overflow-wrap:break-word !important;font-size:15px;\">这样以来我拿到证书就可以安全地取到公钥了 ！ 完美！</span> \n</p>\n<p style=\"margin-top:0px;margin-bottom:0px;padding:0px;max-width:100%;clear:both;min-height:1em;color:#333333;font-family:微软雅黑;font-size:16px;letter-spacing:0.544px;text-align:justify;white-space:normal;background-color:#FFFFFF;box-sizing:border-box !important;\">\n	<br />\n</p>\n<p style=\"margin-top:0px;margin-bottom:0px;padding:0px;max-width:100%;clear:both;min-height:1em;color:#333333;font-family:微软雅黑;font-size:16px;letter-spacing:0.544px;text-align:justify;white-space:normal;background-color:#FFFFFF;box-sizing:border-box !important;\">\n	<span style=\"margin:0px;padding:0px;max-width:100%;box-sizing:border-box !important;overflow-wrap:break-word !important;font-size:15px;\">可是Bill 马上泼了一盆冷水：证书怎么安全传输？ 要是证书传递的过程中被篡改了怎么办？</span> \n</p>\n<p style=\"margin-top:0px;margin-bottom:0px;padding:0px;max-width:100%;clear:both;min-height:1em;color:#333333;font-family:微软雅黑;font-size:16px;letter-spacing:0.544px;text-align:justify;white-space:normal;background-color:#FFFFFF;box-sizing:border-box !important;\">\n	<br />\n</p>\n<p style=\"margin-top:0px;margin-bottom:0px;padding:0px;max-width:100%;clear:both;min-height:1em;color:#333333;font-family:微软雅黑;font-size:16px;letter-spacing:0.544px;text-align:justify;white-space:normal;background-color:#FFFFFF;box-sizing:border-box !important;\">\n	<span style=\"margin:0px;padding:0px;max-width:100%;box-sizing:border-box !important;overflow-wrap:break-word !important;font-size:15px;\">张大胖心里不由地咒骂起来： 我操， 这简直就是鸡生蛋，蛋生鸡的问题啊。</span> \n</p>\n<p style=\"margin-top:0px;margin-bottom:0px;padding:0px;max-width:100%;clear:both;min-height:1em;color:#333333;font-family:微软雅黑;font-size:16px;letter-spacing:0.544px;text-align:justify;white-space:normal;background-color:#FFFFFF;box-sizing:border-box !important;\">\n	<br />\n</p>\n<p style=\"margin-top:0px;margin-bottom:0px;padding:0px;max-width:100%;clear:both;min-height:1em;color:#333333;font-family:微软雅黑;font-size:16px;letter-spacing:0.544px;text-align:justify;white-space:normal;background-color:#FFFFFF;box-sizing:border-box !important;\">\n	<span style=\"margin:0px;padding:0px;max-width:100%;box-sizing:border-box !important;overflow-wrap:break-word !important;font-size:15px;\">天无绝人之路， 张大胖很快就找到了突破口：&nbsp;<strong style=\"margin:0px;padding:0px;max-width:100%;box-sizing:border-box !important;overflow-wrap:break-word !important;\">数字签名</strong>。</span> \n</p>\n<p style=\"margin-top:0px;margin-bottom:0px;padding:0px;max-width:100%;clear:both;min-height:1em;color:#333333;font-family:微软雅黑;font-size:16px;letter-spacing:0.544px;text-align:justify;white-space:normal;background-color:#FFFFFF;box-sizing:border-box !important;\">\n	<br />\n</p>\n<p style=\"margin-top:0px;margin-bottom:0px;padding:0px;max-width:100%;clear:both;min-height:1em;color:#333333;font-family:微软雅黑;font-size:16px;letter-spacing:0.544px;text-align:justify;white-space:normal;background-color:#FFFFFF;box-sizing:border-box !important;\">\n	<span style=\"margin:0px;padding:0px;max-width:100%;box-sizing:border-box !important;overflow-wrap:break-word !important;font-size:15px;\">简单来讲是这样的， Bill可以把他的公钥和个人信息用一个Hash算法生成一个消息摘要， 这个Hash算法有个极好的特性，<strong style=\"margin:0px;padding:0px;max-width:100%;box-sizing:border-box !important;overflow-wrap:break-word !important;\">只要输入数据有一点点变化，那生成的消息摘要就会有巨变</strong>，这样就可以防止别人修改原始内容。</span> \n</p>\n<img src=\"/editorImages/image/20190326/20190326150930_316372949.png\" alt=\"\" /><br />\n<p>\n	<br />\n</p>\n<p style=\"margin-top:0px;margin-bottom:0px;padding:0px;max-width:100%;clear:both;min-height:1em;color:#333333;font-family:微软雅黑;font-size:16px;letter-spacing:0.544px;text-align:justify;white-space:normal;background-color:#FFFFFF;box-sizing:border-box !important;\">\n	<span style=\"margin:0px;padding:0px;max-width:100%;box-sizing:border-box !important;overflow-wrap:break-word !important;font-size:15px;\"> </span> \n</p>\n<p style=\"margin-top:0px;margin-bottom:0px;padding:0px;max-width:100%;clear:both;min-height:1em;color:#333333;font-family:微软雅黑;font-size:16px;letter-spacing:0.544px;text-align:justify;white-space:normal;background-color:#FFFFFF;box-sizing:border-box !important;\">\n	<span style=\"margin:0px;padding:0px;max-width:100%;box-sizing:border-box !important;overflow-wrap:break-word !important;font-size:15px;\">可是作为攻击者的中间人笑了： “虽然我没办法改公钥，但是我可以把整个原始信息都替换了， 生成一个新的消息摘要， 你不还是辨别不出来？”</span> \n</p>\n<p style=\"margin-top:0px;margin-bottom:0px;padding:0px;max-width:100%;clear:both;min-height:1em;color:#333333;font-family:微软雅黑;font-size:16px;letter-spacing:0.544px;text-align:justify;white-space:normal;background-color:#FFFFFF;box-sizing:border-box !important;\">\n	<span style=\"margin:0px;padding:0px;max-width:100%;box-sizing:border-box !important;overflow-wrap:break-word !important;font-size:15px;\"><br style=\"margin:0px;padding:0px;max-width:100%;box-sizing:border-box !important;overflow-wrap:break-word !important;\" />\n</span> \n</p>\n<p style=\"margin-top:0px;margin-bottom:0px;padding:0px;max-width:100%;clear:both;min-height:1em;color:#333333;font-family:微软雅黑;font-size:16px;letter-spacing:0.544px;text-align:justify;white-space:normal;background-color:#FFFFFF;box-sizing:border-box !important;\">\n	<span style=\"margin:0px;padding:0px;max-width:100%;box-sizing:border-box !important;overflow-wrap:break-word !important;font-size:15px;\">张大胖说你别得意的太早 ， 我们会让有公信力的认证中心（<strong style=\"margin:0px;padding:0px;max-width:100%;box-sizing:border-box !important;overflow-wrap:break-word !important;\">简称CA</strong>）用它的私钥对消息摘要加密，形成签名：</span> \n</p>\n<img src=\"/editorImages/image/20190326/20190326151022_684704172.png\" alt=\"\" /><br />\n<p>\n	<br />\n</p>\n<p style=\"margin-top:0px;margin-bottom:0px;padding:0px;max-width:100%;clear:both;min-height:1em;color:#333333;font-family:微软雅黑;font-size:16px;letter-spacing:0.544px;text-align:justify;white-space:normal;background-color:#FFFFFF;box-sizing:border-box !important;\">\n	<span style=\"margin:0px;padding:0px;max-width:100%;box-sizing:border-box !important;overflow-wrap:break-word !important;font-size:15px;\"> </span> \n</p>\n<p style=\"margin-top:0px;margin-bottom:0px;padding:0px;max-width:100%;clear:both;min-height:1em;color:#333333;font-family:微软雅黑;font-size:16px;letter-spacing:0.544px;text-align:justify;white-space:normal;background-color:#FFFFFF;box-sizing:border-box !important;\">\n	<span style=\"margin:0px;padding:0px;max-width:100%;box-sizing:border-box !important;overflow-wrap:break-word !important;font-size:15px;\">张大胖接着说：当Bill把他的证书发给我的时候， 我就用同样的Hash 算法， 再次生成消息摘要，</span><span style=\"margin:0px;padding:0px;max-width:100%;box-sizing:border-box !important;overflow-wrap:break-word !important;font-size:15px;\">然后用CA的公钥对数字签名解密， 得到CA创建的消息摘要， 两者一比，就知道有没有人篡改了！</span> \n</p>\n<p style=\"margin-top:0px;margin-bottom:0px;padding:0px;max-width:100%;clear:both;min-height:1em;color:#333333;font-family:微软雅黑;font-size:16px;letter-spacing:0.544px;text-align:justify;white-space:normal;background-color:#FFFFFF;box-sizing:border-box !important;\">\n	<br />\n</p>\n<p style=\"margin-top:0px;margin-bottom:0px;padding:0px;max-width:100%;clear:both;min-height:1em;color:#333333;font-family:微软雅黑;font-size:16px;letter-spacing:0.544px;text-align:justify;white-space:normal;background-color:#FFFFFF;box-sizing:border-box !important;\">\n	<span style=\"margin:0px;padding:0px;max-width:100%;box-sizing:border-box !important;overflow-wrap:break-word !important;font-size:15px;\">如果没人篡改， 我就可以安全的拿到Bill的公钥喽，有了公钥， 后序的加密工作就可以开始了。</span> \n</p>\n<p style=\"margin-top:0px;margin-bottom:0px;padding:0px;max-width:100%;clear:both;min-height:1em;color:#333333;font-family:微软雅黑;font-size:16px;letter-spacing:0.544px;text-align:justify;white-space:normal;background-color:#FFFFFF;box-sizing:border-box !important;\">\n	<br />\n</p>\n<p style=\"margin-top:0px;margin-bottom:0px;padding:0px;max-width:100%;clear:both;min-height:1em;color:#333333;font-family:微软雅黑;font-size:16px;letter-spacing:0.544px;text-align:justify;white-space:normal;background-color:#FFFFFF;box-sizing:border-box !important;\">\n	<span style=\"margin:0px;padding:0px;max-width:100%;box-sizing:border-box !important;overflow-wrap:break-word !important;font-size:15px;\">虽然很费劲， 但是为了防范你们这些偷窥者，实在是没办法啊。</span> \n</p>\n<img src=\"/editorImages/image/20190326/20190326151106_46998214.png\" alt=\"\" /><br />\n<p>\n	<br />\n</p>\n<p style=\"margin-top:0px;margin-bottom:0px;padding:0px;max-width:100%;clear:both;min-height:1em;color:#333333;font-family:微软雅黑;font-size:16px;letter-spacing:0.544px;text-align:justify;white-space:normal;background-color:#FFFFFF;box-sizing:border-box !important;\">\n	<span style=\"margin:0px;padding:0px;max-width:100%;box-sizing:border-box !important;overflow-wrap:break-word !important;font-size:15px;\"> </span> \n</p>\n<p style=\"margin-top:0px;margin-bottom:0px;padding:0px;max-width:100%;clear:both;min-height:1em;color:#333333;font-family:微软雅黑;font-size:16px;letter-spacing:0.544px;text-align:justify;white-space:normal;background-color:#FFFFFF;box-sizing:border-box !important;\">\n	<span style=\"margin:0px;padding:0px;max-width:100%;box-sizing:border-box !important;overflow-wrap:break-word !important;font-size:15px;\">中间人恶狠狠地说： “算你小子狠！ 等着吧，我还有别的招。 对了，我且问你， 你这个CA的公钥怎么拿到？　难道不怕我在你传输ＣＡ公钥的时候发起中间人攻击吗？　如果我成功的伪装成了ＣＡ，你这一套体系彻底玩完。”</span> \n</p>\n<p style=\"margin-top:0px;margin-bottom:0px;padding:0px;max-width:100%;clear:both;min-height:1em;color:#333333;font-family:微软雅黑;font-size:16px;letter-spacing:0.544px;text-align:justify;white-space:normal;background-color:#FFFFFF;box-sizing:border-box !important;\">\n	<br />\n</p>\n<p style=\"margin-top:0px;margin-bottom:0px;padding:0px;max-width:100%;clear:both;min-height:1em;color:#333333;font-family:微软雅黑;font-size:16px;letter-spacing:0.544px;text-align:justify;white-space:normal;background-color:#FFFFFF;box-sizing:border-box !important;\">\n	<span style=\"margin:0px;padding:0px;max-width:100%;box-sizing:border-box !important;overflow-wrap:break-word !important;font-size:15px;\">张大胖语塞了，折腾了半天，又回到了公钥安全传输的问题！</span> \n</p>\n<p style=\"margin-top:0px;margin-bottom:0px;padding:0px;max-width:100%;clear:both;min-height:1em;color:#333333;font-family:微软雅黑;font-size:16px;letter-spacing:0.544px;text-align:justify;white-space:normal;background-color:#FFFFFF;box-sizing:border-box !important;\">\n	<br />\n</p>\n<p style=\"margin-top:0px;margin-bottom:0px;padding:0px;max-width:100%;clear:both;min-height:1em;color:#333333;font-family:微软雅黑;font-size:16px;letter-spacing:0.544px;text-align:justify;white-space:normal;background-color:#FFFFFF;box-sizing:border-box !important;\">\n	<span style=\"margin:0px;padding:0px;max-width:100%;box-sizing:border-box !important;overflow-wrap:break-word !important;font-size:15px;\">不过转念一想，想解决鸡生蛋，蛋生鸡的问题必须得打破这个怪圈才行，我必须得信任ＣＡ，并且通过安全的的方式获取他们的公钥，这样才能把游戏玩下去。</span> \n</p>\n<p style=\"margin-top:0px;margin-bottom:0px;padding:0px;max-width:100%;clear:both;min-height:1em;color:#333333;font-family:微软雅黑;font-size:16px;letter-spacing:0.544px;text-align:justify;white-space:normal;background-color:#FFFFFF;box-sizing:border-box !important;\">\n	<br />\n</p>\n<p style=\"margin-top:0px;margin-bottom:0px;padding:0px;max-width:100%;clear:both;min-height:1em;color:#333333;font-family:微软雅黑;font-size:16px;letter-spacing:0.544px;text-align:justify;white-space:normal;background-color:#FFFFFF;box-sizing:border-box !important;\">\n	<span style=\"margin:0px;padding:0px;max-width:100%;box-sizing:border-box !important;overflow-wrap:break-word !important;font-size:15px;\">（公众号码农翻身注：这些ＣＡ本身也有证书来证明自己的身份，并且ＣＡ的信用是像树一样分级的，高层的ＣＡ给底层的ＣＡ做信用背书，而操作系统／浏览器中会内置一些顶层的ＣＡ的证书，相当于你自动信任了他们。　这些顶层的ＣＡ证书一定得安全地放入操作系统／浏览器当中，否则世界大乱。）</span> \n</p>\n<p style=\"margin-top:0px;margin-bottom:0px;padding:0px;max-width:100%;clear:both;min-height:1em;color:#333333;font-family:微软雅黑;font-size:16px;letter-spacing:0.544px;text-align:justify;white-space:normal;background-color:#FFFFFF;box-sizing:border-box !important;\">\n	<span style=\"margin:0px;padding:0px;max-width:100%;box-sizing:border-box !important;overflow-wrap:break-word !important;font-size:15px;\"><br style=\"margin:0px;padding:0px;max-width:100%;box-sizing:border-box !important;overflow-wrap:break-word !important;\" />\n</span> \n</p>\n<section class=\"\" data-tools=\"135编辑器\" data-id=\"45865\" style=\"margin:0px;padding:0px;max-width:100%;box-sizing:border-box;color:#333333;font-family:微软雅黑;font-size:16px;letter-spacing:0.544px;text-align:justify;white-space:normal;background-color:#FFFFFF;border-width:0px;border-style:none;border-color:initial;overflow-wrap:break-word !important;\"><section style=\"margin:0.8em 0px 0.5em;padding:0px;max-width:100%;box-sizing:border-box !important;overflow-wrap:break-word !important;line-height:32px;font-weight:bold;\"><section style=\"margin:0px;padding:0px;max-width:100%;box-sizing:border-box !important;overflow-wrap:break-word !important;display:inline-block;float:left;min-width:32px;height:32px;vertical-align:top;text-align:center;\"><section data-width=\"100%\" style=\"margin:0px;padding:0px;max-width:100%;box-sizing:border-box;overflow-wrap:break-word !important;display:table;width:44px;color:inherit;border-color:#48C0A3;\"><section style=\"margin:0px;padding:0px;max-width:100%;box-sizing:border-box;overflow-wrap:break-word !important;display:table-cell;vertical-align:middle;color:#FEFEFE;border-color:#48C0A3;\"><span class=\"\" data-original-title=\"\" title=\"\" style=\"margin:0px;padding:0px;max-width:100%;box-sizing:border-box !important;overflow-wrap:break-word !important;color:#C6C6C7;font-size:50px;\">7</span></section><section style=\"margin:5px 0px 0px -6px;padding:0px;max-width:100%;box-sizing:border-box;overflow-wrap:break-word !important;width:18px;height:70px;border-left:1px solid #C6C6C7;background-color:#FEFEFE;transform:rotate(35deg);\"></section></section></section><section style=\"margin:0px 0px 0px 40px;padding:18px 0px 0px;max-width:100%;box-sizing:border-box;overflow-wrap:break-word !important;color:#737373;border-color:#48C0A3;\"><span style=\"margin:0px;padding:0px;max-width:100%;box-sizing:border-box !important;overflow-wrap:break-word !important;font-size:20px;\">&nbsp; https&nbsp;</span></section></section></section>\n<p style=\"margin-top:0px;margin-bottom:0px;padding:0px;max-width:100%;clear:both;min-height:1em;color:#333333;font-family:微软雅黑;font-size:16px;letter-spacing:0.544px;text-align:justify;white-space:normal;background-color:#FFFFFF;box-sizing:border-box !important;\">\n	<br />\n</p>\n<p style=\"margin-top:0px;margin-bottom:0px;padding:0px;max-width:100%;clear:both;min-height:1em;color:#333333;font-family:微软雅黑;font-size:16px;letter-spacing:0.544px;text-align:justify;white-space:normal;background-color:#FFFFFF;box-sizing:border-box !important;\">\n	<span style=\"margin:0px;padding:0px;max-width:100%;box-sizing:border-box !important;overflow-wrap:break-word !important;font-size:15px;\">终于可以介绍https了，前面已经介绍了https的原理， 你把张大胖替换成浏览器， 把Bill 替换成某个网站就行了。</span> \n</p>\n<p style=\"margin-top:0px;margin-bottom:0px;padding:0px;max-width:100%;clear:both;min-height:1em;color:#333333;font-family:微软雅黑;font-size:16px;letter-spacing:0.544px;text-align:justify;white-space:normal;background-color:#FFFFFF;box-sizing:border-box !important;\">\n	<br />\n</p>\n<p style=\"margin-top:0px;margin-bottom:0px;padding:0px;max-width:100%;clear:both;min-height:1em;color:#333333;font-family:微软雅黑;font-size:16px;letter-spacing:0.544px;text-align:justify;white-space:normal;background-color:#FFFFFF;box-sizing:border-box !important;\">\n	<span style=\"margin:0px;padding:0px;max-width:100%;box-sizing:border-box !important;overflow-wrap:break-word !important;font-size:15px;\">一个<strong style=\"margin:0px;padding:0px;max-width:100%;box-sizing:border-box !important;overflow-wrap:break-word !important;\">简化的（例如下图没有包含Pre-Master Secret）</strong>https流程图是这样的， 如果你理解了前面的原理，这张图就变得非常简单：</span> \n</p>\n<img src=\"/editorImages/image/20190326/20190326151206_714963448.png\" alt=\"\" /><br />\n<p>\n	<br />\n</p>\n<p style=\"margin-top:0px;margin-bottom:0px;padding:0px;max-width:100%;clear:both;min-height:1em;color:#333333;font-family:微软雅黑;font-size:16px;letter-spacing:0.544px;text-align:justify;white-space:normal;background-color:#FFFFFF;box-sizing:border-box !important;\">\n	<span style=\"margin:0px;padding:0px;max-width:100%;box-sizing:border-box !important;overflow-wrap:break-word !important;font-size:15px;\"><span style=\"color:#333333;font-family:&quot;font-size:15px;white-space:normal;background-color:#FFFFFF;\">出处：码农翻身微信公众号</span><br />\n</span> \n</p>', 0, '2022-12-15 16:33:46', '2019-03-26 15:16:43', NULL);
INSERT INTO `cms_article` VALUES (34, 1, b'0', 1030, '火绒的弹窗广告拦截真心不错', NULL, NULL, 'realyrare', '网络', b'0', NULL, '杭州', NULL, NULL, b'0', b'0', b'0', b'1', '火绒杀毒,弹窗广告拦截，火绒安全软件', '电脑安全软件大部人应该会用360安全卫士，电脑管家，金山毒霸等等。首先大家用以上软件目前对自己的没什么困扰的话，可以关上网页，不必在浏览。小编介绍的另一种安全软件——火绒，弹窗广告的拦截，电脑的清理更为方便，为何提“火绒”，为每个人电脑的需求多一种选择。', '<p style=\"white-space:normal;text-indent:2em;\">\n	<span style=\"font-size:14px;\">&nbsp; 近年来，国家经济腾飞了，人民生活水平提高了，许多爱玩电脑的人大部分不去网吧了，也都有了 自己的笔记本，台式机，于是乎！请允许我以前没拥有一台自己的电脑情况下一通玩...电脑C盘越来越小，电脑越来越卡，这时，有人会介绍360安全卫士，电脑管家，金山毒霸用起来,很多像我这样的人迅速百度下载然后一键安装，没三五两下，电脑好像又恢复到了他最初的状态，数日后，电脑好像又卡了，又开始琢磨，各种清理电脑垃圾，一键杀毒，这回好像没用了，又去用电脑管家或毒霸，大部人用过应该跟我有一样的共鸣，还是卡，而且就毒霸来说，我想卸载还卸载不掉，甩都甩不掉了吗？然后各种百度去卸载(小编我当初为了卸载金山毒霸把自己正版的系统搞坏了，心里那个痛，经历过的 人才会懂！哈哈哈哈)。</span>\n</p>\n<p style=\"white-space:normal;text-indent:2em;\">\n	<img src=\"/editorImages/image/20190105/20190105145957_1205064467.png\" alt=\"\" />\n</p>\n<p style=\"white-space:normal;text-indent:2em;\">\n	<span style=\"font-size:14px;\">好了，上面扯了一大堆，并不是想说他们太差劲，只是..........emm。下面开始介绍（电脑安全软件）火绒。好用，最主要的是小编在浏览一些博客，散文时经常被一些苍蝇广告弹窗，甚是讨厌，火绒在这一点上面做得比起前面几款安全软件来说还是不错的。关于火绒其他的特点小编不在多介绍，说得再多就有点打广告的嫌疑了，有需要的朋友大家可取百度搜“火绒”然后官网下载实用！</span>\n</p>', 0, '2021-01-12 23:01:52', '2019-01-05 15:08:31', NULL);
INSERT INTO `cms_article` VALUES (38, 1, b'0', 1029, '我仅是一个线程,命运却如此多舛', NULL, NULL, '老刘', '码农翻身', b'0', NULL, '杭州', NULL, NULL, b'0', b'0', b'0', b'1', '线程,线程池,线程怎么运行', '故事的叙述从一个线程如何被调用去运行，紧接着根据生活情节又抛出线程池，多线程等概念，以及多线程处理数据安全问题？如何处理才是安全的？完了多线程死锁怎么产生的及怎样解决。最后诉说线程池的线程尽管存活时间较长，也有类似猪的天意安排，某个时间到了也会被拉去屠宰场。', '<p style=\"text-align:center;text-indent:2em;\">\n	<span style=\"font-size:16px;\"><strong>第一回 初生牛犊</strong></span> \n</p>\n<p style=\"text-indent:2em;\">\n	<span style=\"font-size:14px;\">我是一个线程，我一出生就被编了个号：0x3704，然后被领到一个昏暗的屋子里，在这里我发现了很多和我一模一样的同伴。</span> \n</p>\n<p style=\"text-indent:2em;\">\n	<span style=\"font-size:14px;\">我身边的同伴0x6900 待的时间比较长，他带着沧桑的口气对我说：“我们线程的宿命就是处理包裹。把包裹处理完以后还得马上回到这里，否则可能永远回不来了。”</span> \n</p>\n<p style=\"text-indent:2em;\">\n	<span style=\"font-size:14px;\">我一脸懵懂，“包裹，什么包裹？”</span> \n</p>\n<p style=\"text-indent:2em;\">\n	<span style=\"font-size:14px;\">“不要着急，马上你就会明白了，我们这里是不养闲人的。”</span> \n</p>\n<p style=\"text-indent:2em;\">\n	<span style=\"font-size:14px;\">果然，没多久，屋子的门开了， 一个面貌凶恶的家伙吼道：“0x3704 ,出来！”</span> \n</p>\n<p style=\"text-indent:2em;\">\n	<span style=\"font-size:14px;\">我一出来就被塞了一个沉甸甸的包裹，上面还附带着一个写满了操作步骤的纸。&nbsp;</span> \n</p>\n<p style=\"text-indent:2em;\">\n	<span style=\"font-size:14px;\">“快去，把这个包裹处理了。”</span> \n</p>\n<p style=\"text-indent:2em;\">\n	<span style=\"font-size:14px;\">“去哪儿处理？”</span> \n</p>\n<p style=\"text-indent:2em;\">\n	<span style=\"font-size:14px;\">“跟着指示走，先到就绪车间。”</span> \n</p>\n<p style=\"text-indent:2em;\">\n	<span style=\"font-size:14px;\">果然，地上有指示箭头，跟着它来到了一间明亮的大屋子，这里已经有不少线程了，大家都很紧张，好像时刻准备着往前冲。</span> \n</p>\n<p style=\"text-indent:2em;\">\n	<span style=\"font-size:14px;\">我刚一进来，就听见广播说：“0x3704，进入车间。”</span> \n</p>\n<p style=\"text-indent:2em;\">\n	<span style=\"font-size:14px;\">我赶紧往前走，身后有很多人议论。</span> \n</p>\n<p style=\"text-indent:2em;\">\n	<span style=\"font-size:14px;\">“他太幸运了，刚进入就绪状态就能运行。”</span> \n</p>\n<p style=\"text-indent:2em;\">\n	<span style=\"font-size:14px;\">“是不是有关系？”</span> \n</p>\n<p style=\"text-indent:2em;\">\n	<span style=\"font-size:14px;\">“不是，你看人家的优先级多高啊，唉！”</span> \n</p>\n<p style=\"text-indent:2em;\">\n	<span style=\"font-size:14px;\">前边就是车间，这里简直是太美了，怪不得老线程总是唠叨着说：“要是能一直待在这里就好了。”</span> \n</p>\n<p style=\"text-indent:2em;\">\n	<span style=\"font-size:14px;\">这里空间大，视野好，空气清新，鸟语花香，还有很多从来没见过的人，像服务员一样等着为我服务。</span> \n</p>\n<p style=\"text-indent:2em;\">\n	<span style=\"font-size:14px;\">他们也都有编号，更重要的是每个人还有个标签，上面写着：硬盘、数据库、内存、网卡……</span> \n</p>\n<p style=\"text-indent:2em;\">\n	<span style=\"font-size:14px;\">我现在理解不了，看看操作步骤吧。</span> \n</p>\n<p style=\"text-indent:2em;\">\n	<span style=\"font-size:14px;\"><strong>第一步：从包裹中取出参数。</strong></span> \n</p>\n<p style=\"text-indent:2em;\">\n	<span style=\"font-size:14px;\">打开包裹，里边有个HttpRequest对象，可以取到userName、 password两个参数。</span> \n</p>\n<p style=\"text-indent:2em;\">\n	<span style=\"font-size:14px;\"><strong>第二步：执行登录操作。</strong></span> \n</p>\n<p style=\"text-indent:2em;\">\n	<span style=\"font-size:14px;\">奥，原来是有人要登录啊，我把userName、password交给数据库服务员，他拿着数据，慢腾腾地走了。</span> \n</p>\n<p style=\"text-indent:2em;\">\n	<span style=\"font-size:14px;\">他怎么这么慢？不过我是不是正好可以在车间里多待一会儿？反正也没法执行第三步。</span> \n</p>\n<p style=\"text-indent:2em;\">\n	<span style=\"font-size:14px;\">就在这时，车间里的广播响了：“0x3704，我是CPU，记住你正在执行的步骤，然后马上带着包裹离开！”</span> \n</p>\n<p style=\"text-indent:2em;\">\n	<span style=\"font-size:14px;\">我慢腾腾地开始收拾。</span> \n</p>\n<p style=\"text-indent:2em;\">\n	<span style=\"font-size:14px;\">“快点，别的线程马上就要进来了。”</span> \n</p>\n<p style=\"text-indent:2em;\">\n	<span style=\"font-size:14px;\">离开这个车间，又来到一个大屋子，这里有很多线程在慢腾腾地喝茶，打牌。</span> \n</p>\n<p style=\"text-indent:2em;\">\n	<span style=\"font-size:14px;\">“哥们，你们没事干了？”</span> \n</p>\n<p style=\"text-indent:2em;\">\n	<span style=\"font-size:14px;\">“你新来的吧，你不知道我在等数据库服务员给我数据啊！据说他们比我们慢好几十万倍，在这里好好歇吧。”</span> \n</p>\n<p style=\"text-indent:2em;\">\n	<span style=\"font-size:14px;\">“啊？ 这么慢！我这里有人在登录系统，能等这么长时间吗？”</span> \n</p>\n<p style=\"text-indent:2em;\">\n	<span style=\"font-size:14px;\">“放心，你没听说过人间一天，CPU一年吗？我们这里是用纳秒、毫秒计时的，人间等待一秒，相当于我们好几天呢，来得及。”</span> \n</p>\n<p style=\"text-indent:2em;\">\n	<span style=\"font-size:14px;\">干脆睡一会吧。不知道过了多久，大喇叭又开始广播了：“0x3704，你的数据来了，快去执行！”</span> \n</p>\n<p style=\"text-indent:2em;\">\n	<span style=\"font-size:14px;\">我转身就往CPU车间跑，发现这里的门只出不进！</span> \n</p>\n<p style=\"text-indent:2em;\">\n	<span style=\"font-size:14px;\">后面传来阵阵哄笑声：“果然是新人，不知道还得去就绪车间等。”</span> \n</p>\n<p style=\"text-indent:2em;\">\n	<span style=\"font-size:14px;\">于是赶紧到就绪车间，这次没有那么好运了，等了好久才被再次叫进CPU车间。</span> \n</p>\n<p style=\"text-indent:2em;\">\n	<span style=\"font-size:14px;\">在等待的时候，我听见有人小声议论：</span> \n</p>\n<p style=\"text-indent:2em;\">\n	<span style=\"font-size:14px;\">“听说了吗，最近有个线程被kill掉了。”</span> \n</p>\n<p style=\"text-indent:2em;\">\n	<span style=\"font-size:14px;\">“为啥啊？”</span> \n</p>\n<p style=\"text-indent:2em;\">\n	<span style=\"font-size:14px;\">“这家伙赖在CPU车间不走，把CPU利用率一直搞成100%，后来就被kill掉了。”</span> \n</p>\n<p style=\"text-indent:2em;\">\n	<span style=\"font-size:14px;\">“Kill掉以后弄哪儿去了？”</span> \n</p>\n<p style=\"text-indent:2em;\">\n	<span style=\"font-size:14px;\">“可能被垃圾回收了吧。”</span> \n</p>\n<p style=\"text-indent:2em;\">\n	<span style=\"font-size:14px;\">我心里打了个寒噤，赶紧接着处理，剩下的动作快多了，第二步登录成功。</span> \n</p>\n<p style=\"text-indent:2em;\">\n	<span style=\"font-size:14px;\"><strong>第三步：构建登录成功后的主页。</strong></span> \n</p>\n<p style=\"text-indent:2em;\">\n	<span style=\"font-size:14px;\">这一步有点费时，因为有很多HTML需要处理，不知道代码谁写的，处理起来很烦人。</span> \n</p>\n<p style=\"text-indent:2em;\">\n	<span style=\"font-size:14px;\">我正在紧张的制作HTML呢， CPU又开始叫了：</span> \n</p>\n<p style=\"text-indent:2em;\">\n	<span style=\"font-size:14px;\">“0x3704，我是CPU ，记住你正在执行的步骤，然后马上带着包裹离开！”</span> \n</p>\n<p style=\"text-indent:2em;\">\n	<span style=\"font-size:14px;\">“为啥啊？”</span> \n</p>\n<p style=\"text-indent:2em;\">\n	<span style=\"font-size:14px;\">“每个线程只能在CPU上运行一段时间，到了时间就得让别人用了，你去就绪车间待着，等着叫你吧。”</span> \n</p>\n<p style=\"text-indent:2em;\">\n	<span style=\"font-size:14px;\">就这样，我一直在“就绪——运行”这两个状态中不知道轮转了多少次， 终于按照步骤清单把工作做完了。</span> \n</p>\n<p style=\"text-indent:2em;\">\n	<span style=\"font-size:14px;\">最后顺利地把包含html的包裹发了回去。至于登录以后干什么事儿，我就不管了。马上就要回到我那昏暗的房间了，真有点舍不得这里。不过相对于有些线程，我还是幸运的，他们运行完以后就被彻底地销毁了，而我还活着！</span> \n</p>\n<p style=\"text-indent:2em;\">\n	<span style=\"font-size:14px;\">回到了小黑屋，老线程0x6900问：</span> \n</p>\n<p style=\"text-indent:2em;\">\n	<span style=\"font-size:14px;\">“怎么样？第一天有什么感觉？”</span> \n</p>\n<p style=\"text-indent:2em;\">\n	<span style=\"font-size:14px;\">“我们的世界规则很复杂，首先你不知道什么时候会被挑中执行；第二，在执行的过程中随时可能被打断，让出CPU车间；第三，一旦出现硬盘、数据库这样耗时的操作，也得让出CPU去等待；第四，就是数据来了，你也不一定马上执行，还得等着CPU挑选。”</span> \n</p>\n<p style=\"text-indent:2em;\">\n	<span style=\"font-size:14px;\">“小伙子理解的不错啊。”</span> \n</p>\n<p style=\"text-indent:2em;\">\n	<span style=\"font-size:14px;\">“我不明白为什么很多线程执行完任务就死了，为什么咱们还活着？”</span> \n</p>\n<p style=\"text-indent:2em;\">\n	<span style=\"font-size:14px;\">“你还不知道？长生不老是我们的特权！我们这里有个正式的名称，叫作线程池！”</span> \n</p>\n<p style=\"text-indent:2em;\">\n	<br />\n</p>\n<p style=\"text-align:center;text-indent:2em;\">\n	<span style=\"font-size:16px;\"><strong>第二回 渐入佳境</strong></span> \n</p>\n<p style=\"text-indent:2em;\">\n	<span style=\"font-size:14px;\">平淡的日子就这么一天天地过去，作为一个线程，我每天的生活都是取包裹、处理包裹，然后回到我们昏暗的家：线程池。</span> \n</p>\n<p style=\"text-indent:2em;\">\n	<span style=\"font-size:14px;\">有一天我回来的时候，听到有个兄弟说，今天要好好休息下，明天就是最疯狂的一天。我看了一眼日历，明天是 11月11号。&nbsp;</span> \n</p>\n<p style=\"text-indent:2em;\">\n	<span style=\"font-size:14px;\">果然，零点刚过，不知道那些人类怎么了，疯狂地投递包裹，为了应付蜂拥而至的海量包裹，线程池里没有一个人能闲下来，全部出去处理包裹，CPU车间利用率超高，硬盘在嗡嗡转，网卡疯狂的闪，即便如此，还是处理不完，堆积如山。</span> \n</p>\n<p style=\"text-indent:2em;\">\n	<span style=\"font-size:14px;\">我们也没有办法，实在是太多太多了，这些包裹中大部分都是浏览页面，下订单，买、买、买。</span> \n</p>\n<p style=\"text-indent:2em;\">\n	<span style=\"font-size:14px;\">不知道过了多久，包裹山终于慢慢地消失了。终于能够喘口气，我想我永远都不会忘记这一天。</span> \n</p>\n<p style=\"text-indent:2em;\">\n	<span style=\"font-size:14px;\">通过这个事件，我明白了我所处的世界：这是一个电子商务的网站！</span> \n</p>\n<p style=\"text-indent:2em;\">\n	<span style=\"font-size:14px;\">我每天的工作就是处理用户的登录，浏览，购物车，下单，付款。</span> \n</p>\n<p style=\"text-indent:2em;\">\n	<span style=\"font-size:14px;\">我问线程池的元老0x6900：“我们要工作到什么时候？”</span> \n</p>\n<p style=\"text-indent:2em;\">\n	<span style=\"font-size:14px;\">“要一直等到系统重启的那一刻。”0x6900说。</span> \n</p>\n<p style=\"text-indent:2em;\">\n	<span style=\"font-size:14px;\">“那你经历过系统重启吗？”</span> \n</p>\n<p style=\"text-indent:2em;\">\n	<span style=\"font-size:14px;\">“怎么可能？系统重启就是我们的死亡时刻，也就是世界末日，一旦重启，整个线程池全部销毁，时间和空间全部消失，一切从头再来。”</span> \n</p>\n<p style=\"text-indent:2em;\">\n	<span style=\"font-size:14px;\">“那什么时候会重启？”</span> \n</p>\n<p style=\"text-indent:2em;\">\n	<span style=\"font-size:14px;\">“这就不好说了，好好享受眼前的生活吧……”</span> \n</p>\n<p style=\"text-indent:2em;\">\n	<span style=\"font-size:14px;\">其实生活还是丰富多彩的，我最喜欢的包裹是上传图片，由于网络慢，所以能在就绪车间、CPU车间待很长很长时间，可以认识很多好玩的线程。</span> \n</p>\n<p style=\"text-indent:2em;\">\n	<span style=\"font-size:14px;\">比如说上次认识了memecached 线程，他对我说在他的帮助下缓存了很多的用户数据，还是分布式的！很多机器上都有！</span> \n</p>\n<p style=\"text-indent:2em;\">\n	<span style=\"font-size:14px;\">我问他：“怪不得后来的登录操作快了那么多，原来是不再从数据库取数据了你那里就有啊，哎对了你是分布式的你去过别的机器没有？”</span> \n</p>\n<p style=\"text-indent:2em;\">\n	<span style=\"font-size:14px;\">他说：“怎么可能！我每次也只能通过网络往那个机器发送一个GET、PUT命令才存取数据而已，别的一概不知。”</span> \n</p>\n<p style=\"text-indent:2em;\">\n	<span style=\"font-size:14px;\">再比如说上次在等待的时候遇到了数据库连接的线程，我才知道他那里也是一个连接池，和我们的线程池几乎一模一样。</span> \n</p>\n<p style=\"text-indent:2em;\">\n	<span style=\"font-size:14px;\">他告诉我：“有些包裹太变态了，竟然查看一年的订单数据，简直把我累死了。”</span> \n</p>\n<p style=\"text-indent:2em;\">\n	<span style=\"font-size:14px;\">我说：“拉倒吧你，你那是纯数据，你把数据传给我以后，我还得组装成HTML，工作量不知道比你大多少倍。”</span> \n</p>\n<p style=\"text-indent:2em;\">\n	<span style=\"font-size:14px;\">他建议我：“你一定要和memecached搞好关系，直接从他那儿拿数据，尽量少直接调用数据库，这样我们JDBC connection也能活得轻松点。”</span> \n</p>\n<p style=\"text-indent:2em;\">\n	<span style=\"font-size:14px;\">我欣然接纳：“好啊好啊，关键是你得提前把数据搞到缓存啊，要不然我先问一遍缓存，没有数据，我这不还得找你吗？”</span> \n</p>\n<p style=\"text-indent:2em;\">\n	<span style=\"font-size:14px;\">生活就是这样，如果你自己不找点乐子，还有什么意思？</span> \n</p>\n<p style=\"text-align:center;text-indent:2em;\">\n	<span style=\"font-size:16px;\"><strong>第三回 虎口脱险</strong></span> \n</p>\n<p style=\"text-indent:2em;\">\n	<span style=\"font-size:14px;\">前几天我遇到一个可怕的事情，差一点死在外边，回不了线程池了。其实这次遇险我应该能够预想得到才对，真是太大意了。</span> \n</p>\n<p style=\"text-indent:2em;\">\n	<span style=\"font-size:14px;\">那天我处理了一些从http发来的存款和取款的包裹，老线程0x6900特意嘱咐我：“处理这些包裹的时候一定要特别小心，你必须先获得一把锁，在对账户存款或取款的时候一定要把账户锁住，要不然别的线程就会在你等待的时候趁虚而入，搞破坏，我年轻那会儿很毛糙，就捅了篓子。”</span> \n</p>\n<p style=\"text-indent:2em;\">\n	<span style=\"font-size:14px;\">为了“恐吓”我， 好心的0x6900还给了我两个表格：</span> \n</p>\n<p style=\"text-indent:2em;\">\n	<span style=\"font-size:14px;\"><strong>(1)没有加锁的情况</strong></span> \n</p>\n<p style=\"text-indent:2em;\">\n	<img src=\"/editorImages/image/20190107/20190107213139_830710694.png\" alt=\"\" /> \n</p>\n<p style=\"text-indent:2em;\">\n	<span style=\"font-size:14px;\"><strong>(2)加锁的情况</strong></span> \n</p>\n<p style=\"text-indent:2em;\">\n	<img src=\"/editorImages/image/20190107/20190107213243_443635830.png\" alt=\"\" /> \n</p>\n<p style=\"text-indent:2em;\">\n	<br />\n</p>\n<p style=\"text-indent:2em;\">\n	<span style=\"font-size:14px;\">&nbsp; &nbsp; &nbsp; 我看得胆颤心惊，原来不加锁会带来这么严重的事故。从此以后看到存款、取款的包裹就倍加小心，还好没有出过事故。</span> \n</p>\n<p style=\"text-indent:2em;\">\n	<span style=\"font-size:14px;\">今天我收到的一个包裹是转账，从某著名演员的账户给某著名导演的账户转钱，具体是谁我就不透漏了，数额可真是不小。</span> \n</p>\n<p style=\"text-indent:2em;\">\n	<span style=\"font-size:14px;\">我按照老线程的吩咐，肯定要加锁啊，先对著名演员的账户加锁，再对著名导演的账户加锁。</span> \n</p>\n<p style=\"text-indent:2em;\">\n	<span style=\"font-size:14px;\">可我万万没想到的是，还有一个线程，对，就是0x7954, 竟然同时在从这个导演的账户往这个演员的账户转账。&nbsp;</span> \n</p>\n<p style=\"text-indent:2em;\">\n	<span style=\"font-size:14px;\">于是乎，就出现了这么个情况：</span> \n</p>\n<p style=\"text-indent:2em;\">\n	<img src=\"/editorImages/image/20190107/20190107213338_84626076.png\" alt=\"\" /> \n</p>\n<p style=\"text-indent:2em;\">\n	<span style=\"font-size:14px;\">&nbsp; &nbsp; &nbsp; 刚开始我还不知道什么情况，一直坐在等待车间傻等，可是等的时间太长了，长达几十秒！我可从来没有经历过这样的事件。</span> \n</p>\n<p style=\"text-indent:2em;\">\n	<span style=\"font-size:14px;\">这时候我就看到了线程0x7954 , 他悠闲地坐在那里喝咖啡，我和他聊了起来：</span> \n</p>\n<p style=\"text-indent:2em;\">\n	<span style=\"font-size:14px;\">“哥们，我看你已经喝了8杯咖啡了，怎么还不去干活？”</span> \n</p>\n<p style=\"text-indent:2em;\">\n	<span style=\"font-size:14px;\">“你不喝了9杯茶了吗？”0x7954回敬道。</span> \n</p>\n<p style=\"text-indent:2em;\">\n	<span style=\"font-size:14px;\">“我在等一个锁，不知道哪个孙子一直不释放！”</span> \n</p>\n<p style=\"text-indent:2em;\">\n	<span style=\"font-size:14px;\">“我也在等锁啊，我要是知道哪个孙子不释放锁我非揍死他不可！”0x7954毫不示弱。</span> \n</p>\n<p style=\"text-indent:2em;\">\n	<span style=\"font-size:14px;\">我偷偷地看了一眼，这家伙怀里不就抱着我正等的某导演的锁吗？</span> \n</p>\n<p style=\"text-indent:2em;\">\n	<span style=\"font-size:14px;\">很明显，0x7954也发现了我正抱着他正在等待的锁。</span> \n</p>\n<p style=\"text-indent:2em;\">\n	<span style=\"font-size:14px;\">很快我们两个就吵了起来，互不相让：</span> \n</p>\n<p style=\"text-indent:2em;\">\n	<span style=\"font-size:14px;\">“把你的锁先给我，让我先做完！”</span> \n</p>\n<p style=\"text-indent:2em;\">\n	<span style=\"font-size:14px;\">“不行，从来都是做完工作才释放锁，现在绝对不能给你！”</span> \n</p>\n<p style=\"text-indent:2em;\">\n	<span style=\"font-size:14px;\">从争吵到打起来，就那么几秒钟的事儿。更重要的是，我们俩不仅仅持有这个著名导演和演员的锁，还有很多其他的锁，导致等待的线程越来越多，围观的人们把屋子都挤满了。最后事情真的闹大了，我从来没见过的终极大boss“操作系统”也来了。大Boss毕竟见多识广，他看了一眼，哼了一声，很不屑地说：</span> \n</p>\n<p style=\"text-indent:2em;\">\n	<span style=\"font-size:14px;\">“又出现死锁了。”</span> \n</p>\n<p style=\"text-indent:2em;\">\n	<span style=\"font-size:14px;\">“你们俩要Kill掉一个，来吧，过来抽签。”</span> \n</p>\n<p style=\"text-indent:2em;\">\n	<span style=\"font-size:14px;\">这一下子把我给吓尿了，这么严重啊！我战战兢兢地抽了签，打开一看，是个“活”字。唉，小命终于保住了。</span> \n</p>\n<p style=\"text-indent:2em;\">\n	<span style=\"font-size:14px;\">可怜的0x7954被迫交出了所有的资源以后，很不幸地被kill掉，消失了。我拿到了导演的锁，可以开始干活了。大Boss“操作系统”如一阵风似的消失了，身后只传来他的声音：</span> \n</p>\n<p style=\"text-indent:2em;\">\n	<span style=\"font-size:14px;\">“记住，我们这里导演&gt;演员，无论任何情况都要先获得导演的锁。”</span> \n</p>\n<p style=\"text-indent:2em;\">\n	<span style=\"font-size:14px;\">由于这里不仅仅只有导演和演员，还有很多其他人，大Boss留下了一个表格， 里边是个算法，用来计算资源的大小，计算出来以后，永远按照从大到小的方式来获得锁：</span> \n</p>\n<p style=\"text-indent:2em;\">\n	<img src=\"/editorImages/image/20190107/20190107213433_786724829.png\" alt=\"\" /> \n</p>\n<p style=\"text-indent:2em;\">\n	<span style=\"font-size:14px;\">我回到线程池，大家都知道了我的历险，围着我问个不停。</span> \n</p>\n<p style=\"text-indent:2em;\">\n	<span style=\"font-size:14px;\">凶神恶煞的线程调度员把大Boss的算法贴到了墙上。</span> \n</p>\n<p style=\"text-indent:2em;\">\n	<span style=\"font-size:14px;\">每天早上，我们都得像无节操的房屋中介、美容美发店的服务员一样，站在门口，像被耍猴一样大声背诵：</span> \n</p>\n<p style=\"text-indent:2em;\">\n	<span style=\"font-size:14px;\">“多个资源加锁要牢记，一定要按Boss的算法比大小，然后从最大的开始加锁。”</span> \n</p>\n<p style=\"text-align:center;text-indent:2em;\">\n	<span style=\"font-size:16px;\"><strong>第四回 江湖再见</strong></span> \n</p>\n<p style=\"text-indent:2em;\">\n	<span style=\"font-size:14px;\">又过了很多天，我和其他线程们发现了一个奇怪的事情：包裹的处理越来越简单，不管任何包裹，不管是登录、浏览、存钱……处理的步骤都是一样的, 返回一个固定的html页面。</span> \n</p>\n<p style=\"text-indent:2em;\">\n	<span style=\"font-size:14px;\">有一次我偷偷地看了一眼，上面写着：“本系统将于今晚 00:00 至4:00 进行维护升级， 给您带来的不便我们深感抱歉！”</span> \n</p>\n<p style=\"text-indent:2em;\">\n	<span style=\"font-size:14px;\">我去告诉了老线程0x6904,他叹了一口气说：</span> \n</p>\n<p style=\"text-indent:2em;\">\n	<span style=\"font-size:14px;\">“唉，我们的生命也到头了，看来马上就要重启系统，我们就要消失了，再见吧兄弟。”</span> \n</p>\n<p style=\"text-indent:2em;\">\n	<span style=\"font-size:14px;\">系统重启的那一刻终于到来了。我看到屋子里的东西一个个的不见了，等待车间、就绪车间，甚至CPU车间都慢慢地消失了。我身边的线程兄弟也越来越少，最后只剩我自己了。</span> \n</p>\n<p style=\"text-indent:2em;\">\n	<span style=\"font-size:14px;\">我在空旷的原野上大喊：“还有人吗？”</span> \n</p>\n<p style=\"text-indent:2em;\">\n	<span style=\"font-size:14px;\">无人应答。</span> \n</p>\n<p style=\"text-indent:2em;\">\n	<span style=\"font-size:14px;\">我们这一代线程池完成了使命……</span> \n</p>\n<p style=\"text-indent:2em;\">\n	<span style=\"font-size:14px;\">不过下一代线程池即将重生！</span> \n</p>\n<p style=\"text-indent:2em;\">\n	<span style=\"font-size:14px;\">&nbsp;该文章转载”码农翻身“，是我想表达却写不出来的文章，特别好，转载出来让更多人受益。</span> \n</p>\n<p style=\"text-indent:2em;\">\n	<br />\n</p>', 0, '2022-12-20 11:55:23', '2019-01-07 21:40:32', NULL);
INSERT INTO `cms_article` VALUES (42, 1, b'0', 1030, '全网VIP视频免费看,过来了解一下', NULL, NULL, '火虫', '网络', b'0', NULL, '杭州', NULL, NULL, b'0', b'0', b'0', b'1', 'vip视频免费看,免费点播全网VIP视频', '有时候想看的VIP电影爱奇艺上有,有时腾讯有，有时pptv有，有时.....这些平台每年充值vip也是一笔不小的费用，有时甚是烦恼，主要是没钱哈。所以今天推荐一款悟空云解析，全网(爱奇艺、腾讯视频、优酷，乐视、pptv、咪咕、搜狐)vip视频免费看，操作很简单，只要打开我分享的网址就一目了然。', '<p style=\"text-indent:2em;\">\n	<span style=\"line-height:2;font-size:14px;\">&nbsp;好长时间没更新资源分享栏目了,好多人都在催我更新,之所以过了这么久我一直迟迟没更新的原因是我在憋大招，对，没错！就是我要放大招了。前不久看到身边的同事在因看某个电影而在问身边的同事有没有某某网站的会员啊，小编我当时立竿见影的说，我没有，但是我能让你看到你想看的电影。同事误以为我在开玩笑，逗他玩，直到我一脸严肃的告诉某个网站怎么怎么操作就可以看的时候，他当时那个眼神，就像你看到你的女神。</span> \n</p>\n<p style=\"text-indent:2em;\">\n	<span style=\"line-height:2;font-size:14px;\">&nbsp; &nbsp;好了，扯了这么多，下面我们进入正题，今天给大家带来的是一款云解析VIP视频,什么，你问我云解析是什么意思？这不是我要说的主要内容，请自行百度哈。你所要关注的是云解析视频说白了就是大家在爱奇艺、腾讯视频、优酷，乐视、pptv、咪咕、搜狐等网站看电影不用再像以往一样充值VIP,当然有钱的例外哈，还是要支持原网站的。</span> \n</p>\n<p style=\"text-indent:2em;\">\n	<span style=\"line-height:2;font-size:14px;\"><img src=\"/editorImages/image/20190113/20190113134949_1320954849.png\" alt=\"\" /><br />\n</span> \n</p>\n<p style=\"text-indent:2em;\">\n	<span style=\"line-height:2;font-size:14px;\">&nbsp; 干货‘</span><a href=\"https://2wk.com/#\" target=\"_blank\"><span style=\"line-height:2;font-size:14px;\">悟空云解析</span></a><span style=\"line-height:2;font-size:14px;\">\",大家自行打开链去体验吧，可能一部分人以前也用过相似的，担心链接失效了或者被封了，关于这点，只要该网址失效了或不能解析了，小编第一时间会送上最新的云解析网址，持续关注</span><a href=\"http://www.52huochong.com/cate/source/\" target=\"_blank\"><span style=\"line-height:2;font-size:14px;\">火虫网资源分享</span></a><span style=\"line-height:2;font-size:14px;\">，一切不是没可能。</span> \n</p>', 0, '2021-01-12 23:01:52', '2019-01-13 13:47:34', NULL);
INSERT INTO `cms_article` VALUES (45, 1, b'0', 1029, '微软上线try.net，浏览器可以运行c#代码，高不高兴？', NULL, NULL, 'realyrare', '火虫网', b'0', NULL, '杭州', NULL, NULL, b'0', b'0', b'1', b'1', 'try.net,浏览器运行c#代码,微软try.net', '微软上线try.net,打开该网址（https://try.dot.net/ ）就可以在浏览器运行C#代码，对于使用c#语言开发者这又是微软的一个福利，以后写个小案例测试结果什么的不用再打开vs新建一个控制台这么麻烦，直接收藏该网址用时打开即可编写我们的一些代码，是不是很便捷？而且还支持一些快捷键，微软是依旧的巨硬。', '<p style=\"text-indent:2em;\">\n	<span style=\"line-height:2;font-size:14px;\">微软Try .NET项目近期上线，这一项目允许用户通过浏览器运行和编写C#代码，同时还支持完整的代码提示。</span> \n</p>\n<p style=\"text-indent:2em;\">\n	<span style=\"line-height:2;font-size:14px;\">大家可以通过访问这一项目官网（https://dotnet.microsoft.com/platform/try-dotnet）对Try .NET这一项目进行简单了解。该项目允许开发人员在浏览器中运行和编辑C#代码片段，同时也有相关C#代码教程，还允许访问者对代码进行测试和调试。</span> \n</p>\n<p style=\"text-indent:2em;\">\n	<img src=\"/editorImages/image/20190114/20190114220833_944460721.png\" alt=\"\" /><span style=\"font-size:14px;\"></span> \n</p>\n<p style=\"text-indent:2em;\">\n	<br />\n</p>\n<p style=\"text-indent:2em;\">\n	<span style=\"line-height:2;font-size:14px;\">微软的try .NET项目早在2017年就已经开始立项，该项目已经被上传到GitHub（</span><a href=\"https://github.com/dotnet/try\" target=\"_blank\"><span style=\"white-space:nowrap;line-height:2;font-size:14px;\">https://github.com/dotnet/try</span></a><span style=\"line-height:2;font-size:14px;\">）上。用户可将使用过程中遇到的问题通过GitHub反馈给开发者。</span> \n</p>\n<p style=\"text-indent:2em;\">\n	<span style=\"line-height:2;font-size:14px;\">另外，目前这个项目已经可以初步使用，在浏览器中访问</span><a href=\"https://try.dot.net/就能\"><span style=\"line-height:2;font-size:14px;\">https://try.dot.net/&nbsp;</span></a><span style=\"line-height:2;font-size:14px;\">&nbsp;就能在线进入这一项目。</span> \n</p>\n<p style=\"text-indent:2em;\">\n	<img src=\"/editorImages/image/20190114/20190114220856_1256228466.png\" alt=\"\" /><span style=\"line-height:2;font-size:14px;\"></span> \n</p>\n<p style=\"text-indent:2em;\">\n	<span style=\"line-height:2;font-size:14px;\">用户可以像在IDE中一样使用各种快捷键完成代码编写，当然，微软这一举措还是希望用户能下载Visual Studio去更深入的体会C#的魅力。</span> \n</p>\n<p style=\"text-indent:2em;\">\n	<br />\n</p>', 0, '2022-12-28 15:50:25', '2019-01-14 22:15:32', NULL);
INSERT INTO `cms_article` VALUES (46, 1, b'0', 1030, '好用的收藏软件-收趣', NULL, NULL, 'realyrare', '火虫网', b'0', NULL, '杭州', NULL, NULL, b'0', b'0', b'1', b'1', '收趣,收藏软件收趣', '“工欲善其事,必先利其器”,随着互联网的发展,如何能持续高效学习,并抓住行业热点,是个不小的挑战。闲暇之余大家回去阅读一些比较好的文章,而在后来想用时奈何怎么也找不到,这点技术人员应该深有感触。所以,借此时机，今天给大家推荐一款收藏软件收趣。', '<p style=\"text-indent:2em;\">\n	<span style=\"font-size:14px;line-height:2;\">&nbsp;随着互联网的逐渐发展，对于</span><a target=\"_blank\" href=\"http://www.ctoutiao.com/soso.php?keyname=%E8%BF%90%E8%90%A5\"><span style=\"font-size:14px;line-height:2;\">运营</span></a><span style=\"font-size:14px;line-height:2;\">人还是技术人员来说，如何能持续高效学习，并抓住行业热点，是个不小的挑战。闲暇之余，大家为了能汲取更多的行业相关知识，忙不迭的关注了一堆公众号、微博，下载了好几屏的APP，看到有用的信息和干货如获至宝赶紧收藏。回想我们不读的原因，大多是想不起来或压根找不到，如果能把所有的收藏都集中起来，或许能有效的解决这个问题。于是，我帮大家找到了一款专门的收藏APP——收趣（http://shouqu.me/my.html）。</span>\n</p>\n<p style=\"text-indent:2em;\">\n	<span style=\"font-size:14px;line-height:2;\"><img src=\"/editorImages/image/20190114/20190114225310_643294.png\" alt=\"\" /><br />\n</span>\n</p>\n<p style=\"text-indent:2em;\">\n	<span style=\"font-size:14px;line-height:2;\">现在有好多软件提供一种“稍后阅读“的功能，上文提到的”收趣“是这种代表作之一，它的亮点在于可以把所有APP和网页的内容集中收藏到一起，还能分门别类，离线阅读，高亮笔记等等，甚至还能把文章朗读给你听。收趣不但对文章进行了抓取，同时也对文章进行了重新排版（比较强大）。相较与instapaper，pocket及其他稍后阅读应用（插件等），排除掉已经养成的使用习惯的因素，收趣的主要特点是中文内容、易使用掌握、速度和体验方面做的不错。如果你还没有选择一款收藏类的App，不妨试试。重要的一点是它还支持手机端，有手机端app,小编就在用哦。</span>\n</p>\n<p style=\"text-indent:2em;\">\n	<span style=\"font-size:14px;line-height:2;\">虽说“工欲善其事，必先利其器”，但只有好工具是远远不够的。好阅读习惯+好工具，效果也会变得更明显。大家收藏了一定要去阅读。</span>\n</p>\n<p style=\"text-indent:2em;\">\n	<br />\n</p>', 0, '2022-12-28 15:50:34', '2019-01-14 22:46:37', NULL);
INSERT INTO `cms_article` VALUES (48, 1, b'0', 1029, '很多it人员都模糊不清的API和SDK,过来了解一哈', NULL, NULL, 'realyrare', '火虫网', b'0', NULL, '杭州', NULL, NULL, b'1', b'1', b'0', b'1', 'API,SDK', '从事it开发行业的都知道编程分为三个层次，系统层、中间件层、应用层。为什么说这个呢？因为SDK一般就是一些系统层或中间件层的东西，而API的话只是一个接口,这点在前后端分离的项目展现的淋漓尽致,尤其是随着互联网的发展,复杂的系统被拆分成多个服务,而这些服务就是通过API来交互。', '<p style=\"text-indent:2em;\">\n	<span style=\"font-size:16px;\">&nbsp; </span><span style=\"line-height:2;font-size:14px;\">在程序领域， 最近偶然发展一种现象，很多人不知道SDK是什么，API又是什么，或者说知道两者的概念，但是讲不出二者的区别及联系。这包括从事</span><span style=\"line-height:2;font-size:14px;\">很多年it界的老鸟。</span> \n</p>\n<p style=\"text-indent:2em;\">\n	<span style=\"line-height:2;font-size:14px;\">&nbsp;<img src=\"/editorImages/image/20190115/20190115233543_1932810570.png\" alt=\"\" /></span> \n</p>\n<p style=\"text-indent:2em;\">\n	<span style=\"line-height:2;font-size:14px;\">&nbsp; 随着互联网软件规模的日益发展，经常需要把一些复杂的系统划分成细小的组成部分，比如说：微服务。</span> \n</p>\n<p style=\"text-indent:2em;\">\n	<span style=\"box-sizing:border-box;font-weight:700;color:#2F2F2F;font-family:-apple-system, &quot;font-size:16px;white-space:normal;background-color:#FFFFFF;\"><span style=\"font-size:18px;\"><span style=\"line-height:2;\">&nbsp; </span><span style=\"line-height:2;\">&nbsp;&nbsp;&nbsp;&nbsp;</span></span><span style=\"font-size:18px;line-height:2;\">API的概念</span></span><span style=\"font-size:18px;line-height:2;\"></span> \n</p>\n<p style=\"text-indent:2em;\">\n	<span style=\"line-height:2;font-size:14px;\">&nbsp; API即“应用程序编程接口”，是一些预先定义的函数，目的是作为“介面”沟通两个不同的东西，提供应用程序与开发人员基于某软件或硬件得以访问一组例程的能力，而又无需访问源码，</span><span style=\"text-indent:2em;line-height:2;font-size:14px;\">或理解内部工作机制的细节。 通俗点来说：</span><span style=\"text-indent:2em;color:#2F2F2F;font-family:-apple-system, &quot;font-size:16px;white-space:normal;background-color:#FFFFFF;\"><span style=\"line-height:2;font-size:14px;\">前端调用后端数据的一个</span><span style=\"line-height:2;font-size:14px;\">url</span><span style=\"line-height:2;font-size:14px;\">（webapi），就是我们俗说的接口，通过这个url，可以访问到后端的数据，但是又无需调用源代码。</span></span><span style=\"text-indent:2em;\"> </span><span style=\"text-indent:2em;line-height:2;font-size:14px;\">常说的一句话，万物皆API。</span> \n</p>\n<p style=\"text-indent:2em;\">\n	<span style=\"box-sizing:border-box;font-weight:700;color:#2F2F2F;font-family:-apple-system, &quot;font-size:18px;white-space:normal;background-color:#FFFFFF;\"><span style=\"line-height:2;\">&nbsp;&nbsp;&nbsp;&nbsp;</span><span style=\"line-height:2;\">SDK的概念</span></span><span style=\"font-size:18px;line-height:2;\"></span> \n</p>\n<p style=\"text-indent:2em;\">\n	<span style=\"color:#2F2F2F;font-family:-apple-system, &quot;font-size:14px;white-space:normal;background-color:#FFFFFF;line-height:2;\">SDK即“软体开发工具包”，一般是一些被软件工程师用于为特定的软件包、软件框架、硬件平台、操作系统等建立应用软件的开发工具的集合。通俗点是指由第三方服务商提供的实现软件产品某项功能的工具包。</span><span style=\"line-height:2;font-size:14px;\">通俗来说：</span><span style=\"color:#2F2F2F;font-family:-apple-system, &quot;font-size:16px;white-space:normal;background-color:#FFFFFF;\"><span style=\"line-height:2;font-size:14px;\">工程师为辅助开发某类软件的相关文档、范例和工具的集合，使用SDK可以提高开发效率，更简单的接入某个功能。比如使用asp.netcore开发时要引用MicroSoft.AspNetCore</span><span style=\"line-height:2;font-size:14px;\">.App.(这个就是SDK</span><span style=\"line-height:2;font-size:14px;\">),通常里面放着一些底层的类库。</span></span> \n</p>\n<p style=\"text-indent:2em;\">\n	<span style=\"color:#2F2F2F;font-family:-apple-system, &quot;font-size:16px;white-space:normal;background-color:#FFFFFF;\"><span style=\"box-sizing:border-box;font-weight:700;color:#2F2F2F;font-family:-apple-system, &quot;font-size:16px;white-space:normal;background-color:#FFFFFF;\"><span style=\"line-height:2;\">&nbsp; &nbsp; &nbsp;</span><span style=\"font-size:18px;line-height:2;\">SDK和API的区别</span></span><span style=\"line-height:2;\"></span><br />\n</span> \n</p>\n<p style=\"text-indent:2em;\">\n	<span style=\"line-height:2;font-size:14px;\">&nbsp;&nbsp;</span><span style=\"color:#2F2F2F;font-family:-apple-system, &quot;font-size:14px;white-space:normal;background-color:#FFFFFF;line-height:2;\">SDK相当于开发集成工具环境，API就是数据接口。在SDK环境下调用API数据。</span><span style=\"line-height:2;font-size:14px;\">实际上SDK包含了API的定义，API定义一种能力，一种接口的规范，而SDK可以包含这种能力、包含这种规范。但是SDK又不完完全全只包含API以及API的实现，它是一个软件工具包，它还有很多其他辅助性的功能。</span><span style=\"line-height:2;font-size:14px;\">SDK 包含了使用 API 的必需资料，所以人们也常把仅使用 API 来编写 Windows 应用程序的开发方式叫做“SDK编程”。</span> \n</p>\n<div style=\"text-indent:2em;\">\n	<br />\n</div>\n<p style=\"text-indent:2em;\">\n	<br />\n</p>', 0, '2022-12-28 15:50:30', '2019-01-15 23:32:58', NULL);
INSERT INTO `cms_article` VALUES (49, 1, b'0', 1030, '赶上春运时,大家都想回家', NULL, NULL, 'realyrare', '火虫网', b'0', NULL, '杭州', NULL, NULL, b'0', b'0', b'0', b'1', '12306bypass,心蓝12306订票助手', '随着互联网技术日益更新，”爬虫“技术也越来越厉害了,就拿12306来说以前是打开该app或官网一般都能购买到票,近几年被爬虫技术分流的厉害,所以在这里分享两款抢票软件，希望大家早点抢到回家的票,但同时也须注意,第三方抢票软件有风险,如果有更好的渠道还是建议大家去官方购票。', '<p style=\"text-indent:2em;\">\n	<span style=\"font-size:14px;line-height:2;\">同样是春运，却是不一样的感受。每到春运期间，是期待、是希望、是欢喜、期待的是赶紧购买到回家的票，希望的是一年的漂泊终于快画上了句号，想早点回家团聚,欢喜的是终于有个长假可以休息一波了，但同时也充满忧愁，看着大部人都买到了回家的票，甚至返回的票都在抢购了，然而，有一波人还是两手空空，怎么也抢不到票。近年来，随着互联网的技术发展。12306官方被“爬虫”技术弄得狼狈不堪，许多爬虫高手模拟用户购票行为，12306只要放票，爬虫立马过去抢购。所以说，人与机器（计算机）同时抢票肯定是抢不到了，以前早上7点钟起来有时还能购买到票，现在是真不行了。在这里我不过多谈这种爬虫技术，主要给大家分享下面两款购票软件，希望大家能够抢到票，早点回家团聚。</span> \n</p>\n<p style=\"text-indent:2em;\">\n	<span style=\"font-size:14px;line-height:2;\"><img src=\"/editorImages/image/20190116/20190116223443_458022815.png\" alt=\"\" /><br />\n</span> \n</p>\n<p style=\"text-indent:2em;\">\n	<span style=\"font-size:16px;line-height:2;\"><strong>第一个抢票软件：</strong></span> \n</p>\n<p style=\"text-indent:2em;\">\n	<span style=\"font-size:14px;line-height:2;\">12306bypass（https://www.12306bypass.com）,百度搜索12306bypass或者复制我分享的地址打开下载该软件安装在桌面(关于安装，在windows下安装真的不能再简单，平时怎安装就</span><span style=\"font-size:14px;text-indent:2em;\">怎么安装),安装完成后用12306账号登录，后面的就不用说了吧，明白人一看就会哈。</span> \n</p>\n<p style=\"text-indent:2em;\">\n	<span style=\"font-size:16px;line-height:2;\"><strong>第二个抢票软件：</strong></span> \n</p>\n<p style=\"text-indent:2em;\">\n	<span style=\"font-size:14px;line-height:2;\">&nbsp;心蓝12306订票助手（http://www.bhdata.com/program.asp?action=view&amp;id=39）跟上面是同样的操作。</span> \n</p>\n<p style=\"text-indent:2em;\">\n	<span style=\"font-size:14px;line-height:2;\">&nbsp; 最后关于以上两个抢票软件，小编只提供分享，没有任何替其打广告的目的。因此，也不承担任何因分享而带来的账号、密码被盗或身份信息泄露的责任，抢票软件本身具有一定的</span><span style=\"font-size:14px;text-indent:2em;\">风险性，大家自行选择即可哈。两外第一个抢票软件是免费使用的，第二个要注册会员（70）元，一旦注册便是永久可以使用的会员。</span> \n</p>\n<p style=\"text-indent:2em;\">\n	<br />\n</p>', 0, '2021-01-12 23:01:52', '2019-01-16 22:23:56', NULL);
INSERT INTO `cms_article` VALUES (50, 1, b'0', 1052, 'CAP定律到底是怎样的？', NULL, '', '火虫', '火虫网', b'0', '', '杭州', NULL, NULL, b'0', b'0', b'1', b'1', 'CAP定律,分布式系统CAP定律', '很多人不知道CAP定律，而且去看百度百科的话基本都是一脸懵逼，文章中我们通过的简单的故事引申出CAP的由来，以及知道在一个分布式计算机系统中，一致性(C)，可用性(A)和分区容错性(P) 这三种保证无法同时得到满足，最多满足两个。', '<p style=\"text-indent: 2em;\"><span style=\"line-height: 2; font-size: 14px;\">&nbsp;&nbsp;&ldquo;CAP定理，又称CAP原则和作布鲁尔定理，指的是在一个分布式系统中，Consistency（一致性）、 Availability（可用性）、Partition tolerance（分区容忍性）这三个基本需求，最多只能同时满足其中的2个。理解CAP理论的最简单方式是想象两个节点分处分区两侧。允许至少一个节点更新状态会导致数据不一致，即丧失了C性质。如果为了保证数据一致性，将分区一侧的节点设置为不可用，那么又丧失了A性质。除非两个节点可以互相通信，才能既保证C又保证A，这又会导致丧失P性质&rdquo;。关于这段话摘自百度百科,如果以前没接触cAP定律，直接看这句话，基本废了，什么一致性、可用性、分区容忍性根本一脸懵逼。简直不能太shit,下面通过一个简单小例子我们一起学习下。</span></p>\n<p style=\"text-indent: 2em;\">&nbsp;</p>\n<p style=\"text-indent: 2em;\"><span style=\"line-height: 2; font-size: 14px;\">张大胖在公司奋发图强，经过多年的努力，终于做到了架构师的位置。架构师的椅子还没坐热，很快就来了一个项目要做架构设计。老板把大胖叫来，谆谆教导说： 大胖啊， 数据是我们的宝贵资产，你设计的系统可千万要保证数据不能丢失啊！大胖说老板放心， 这方面我有经验， 一般来讲我们要做数据的冗余处理， 简单的来讲就是给数据做多个副本来保存。 我会设计一个分布式系统， 把数据备份到多个机器节点去。几天后， 大胖给发了一张图， 展示了这个分布式系统是怎么工作的：</span></p>\n<p style=\"text-indent: 2em;\"><img src=\"../editorImages/image/20190121/20190121223341_1484323445.png\" alt=\"\" /></p>\n<div style=\"text-indent: 2em;\">\n<p><span style=\"line-height: 2; font-size: 14px;\">数据副本在不同的机器上做冗余， 中间有数据的复制， 保证数据的同步。虽然只是两台机器， 但是也构成了一个简单的分布式环境。老板虽然不懂技术， 但是看到数据在不同的机器之间有备份，也就放心了。经过几个月的开发和测试，系统顺利上线， 但是大家很快就发现： &nbsp;分布式系统不像单机系统那么简单， 由于网络的原因， 或者某个机器的原因很容易导致通讯失败，或者节点不可用。有一天， 用户先访问了左边的机器A , 写入了一条数据， &nbsp;然后机器A很不幸， 网线被悲催的网管给踢掉了， 这直接导致了两个严重的后果：</span></p>\n<p>&nbsp;</p>\n<p><span style=\"line-height: 2; font-size: 14px;\">1. 负载均衡找不着机器A，认为它死翘翘了， 就要把用户的下一次访问转到机器B去。</span></p>\n<p>&nbsp;</p>\n<p><span style=\"line-height: 2; font-size: 14px;\">2. 数据复制也找不着机器A &nbsp;, &nbsp;只好罢工。 用户刚写入的数据没法复制到机器B，机器B上还是老数据怎么办？ &nbsp; 虽然这是一次偶然，&nbsp;把网管臭骂一顿， 插上网线就可以了， 但是谁能保证以后两个机器的通信是一致畅通的呢？组里的小王说： &nbsp; &nbsp;我们的机器B 还活着呢， 还能提供服务， 数据复制不到机器B， 不就是少看几条数据嘛， 无伤大雅，不影响大局， 勉强可用， 插上网线后数据复制就会工作， 一切就会恢复正常。小王无意中选择了系统的可用性(Availability，简称A)， 系统能提供服务就好， 数据不一致可以忍受。</span><span style=\"text-indent: 2em; line-height: 2; font-size: 14px;\">张大胖说: &nbsp;不行， &nbsp;老板说了，我们系统的数据极为重要， 数据如果不一致会带来严重后果，所以机器B上的和这些关键数据相关的功能也必须停掉， 必须等到机器A插上网线，数据同步以后才能开工，</span><span style=\"text-indent: 2em; line-height: 2; font-size: 14px;\">很明显， 张大胖遵循老板指示， 把一致性（Consistency, 简称C ）放到了首位。</span></p>\n<p><span style=\"line-height: 2; font-size: 14px;\">所以问题就很明显了， 在网络节点之间无法通信的情况下, &nbsp;和数据复制相关的功能， 要么选择可用性(A) , 要么选择一致性(C)， 不能同时选择两者。</span></p>\n<p><span style=\"line-height: 2; font-size: 14px;\">大胖仔细思考了一下， 其实这两种选择的背后其实隐藏着另外一个事实， 那就是网络节点之间无法通信的情况下， 节点被隔离，产生了网络分区， &nbsp;整个系统仍然是可以工作的， 大胖给它起了个名：&nbsp;分区容错性（Partition tolerance， 简称P）。</span></p>\n<p>&nbsp;</p>\n<p><span style=\"line-height: 2; font-size: 14px;\">如果选择了可用性(A) + 分区容错性(P) , &nbsp;就要放弃一致性(C)。</span><span style=\"text-indent: 2em; line-height: 2; font-size: 14px;\">如果选在一致性(C) + 分区容错性(P) , 就得放弃可用性(A) &nbsp;， &nbsp; 对了， 这种情况下，虽然系统的有些功能是不能使用的， 因为需要等待数据的同步， 但是那些和数据同步无关的功能还是可以访问的 ， 相当于系统做了功能的降级。</span><span style=\"text-indent: 2em; line-height: 2; font-size: 14px;\">既然有AP和CP, &nbsp; &nbsp;会不会出现仅仅是CA（一致性+可用性）这种组合呢？ 就是没有分区容错性， 只保留可用性和一致性？ 仔细想想， 这种情况其实就退化成了单机应用， 没有意义了。</span></p>\n<p>&nbsp;</p>\n<p><span style=\"line-height: 2; font-size: 14px;\">大胖觉得自己似乎发现了一个规律： &nbsp; 在一个分布式计算机系统中，一致性(C)，可用性(A)和分区容错性(P) 这三种保证无法同时得到满足，最多满足两个。</span></p>\n<p><span style=\"line-height: 2; font-size: 14px;\">他决定把找个规律叫做CAP定理， 听起来比较高大上， 显得自己高深莫测。</span><span style=\"text-indent: 2em; line-height: 2; font-size: 14px;\">如果你实在是搞不懂这CAP, &nbsp; 张大胖会告诉你一个更容易理解的版本： 在一个分布式系统中， 在出现节点之间无法通信（网络分区产生）， 你只能选择 可用性 或者 一致性， &nbsp;没法同时选择他们。</span></p>\n<p>&nbsp;</p>\n</div>', 0, '2022-06-13 22:08:47', '2019-01-21 22:40:28', NULL);
INSERT INTO `cms_article` VALUES (51, 1, b'0', 1028, '关于索引的知识你知道多少(一)？', NULL, NULL, '火虫王', '火虫网', b'0', NULL, '杭州', NULL, NULL, b'0', b'0', b'0', b'1', 'sqlserver索引,数据库索引,聚集索引,非聚集索引', '本篇是面向数据库小白过渡的,从索引的一个简单的概念说起,随后通过简单的举例更好的理解索引及其的作用,最后介绍了聚集索引和非聚集索引的区别及其存储机制以及什么时候该使用索引。', '<p style=\"text-indent:2em;\">\n	<span style=\"line-height:2.5;font-size:16px;color:#FFFFFF;background-color:#009900;\">什么是索引？</span> \n</p>\n<p style=\"text-indent:2em;\">\n	<span style=\"line-height:2.5;font-size:14px;\">\"索引是对数据库表中一列或多列的值进行排序的一种结构，使用索引可快速访问数据库表中的特定信息。如果想按特定职员的姓来查找他或她，则与在表中搜索所有的行相比，索引有助于更快地获取信息\"。源于百度百科的说明，如果看前半部分“索引是对数据库表中一列或多列的值进行排序的一种结构”，大家应该理解一点，但是他没有完全的把索引的概念的说全，要完全理解索引的概念，需要了解大量原理性的知识，包括B树，堆，数据库页，区，填充因子，碎片,文件组等等一系列相关知识，这些知识写一本小书也不为过。所以本文并不会深入讨论这些主题。</span> \n</p>\n<p style=\"text-indent:2em;\">\n	<span style=\"line-height:2.5;font-size:14px;\">只需要知道“索引的一个主要目的就是加快检索表中数据的方法，亦即能协助信息搜索者尽快的找到符合限制条件的记录ID的辅助数据结构\"——百度百科。</span> \n</p>\n<p style=\"text-indent:2em;\">\n	<span style=\"line-height:2.5;font-size:14px;\">通俗的来说，新华字典大家见过用过吧，新华字典中有多少字，这个数量是不是很大，还记得我们当初用新华字典查找生僻字时的方法吗？是不是有个目录，很方便的就查到了，要是没有新华字典，我们想找一个生僻字的含义犹如大海捞针。说到这里，反应快的是不是也想到了数据库中的索引就相当于新华字典的目录，作用也很明显了，提高查询速度嘛。如果只是干巴巴的看索引的概念和作用，估计现在你记住了，以后面试官再问你时还是想不起来，你只要明白新华字段目录的作用，数据库索引的作用是不是也深深的记住在脑海中了。</span> \n</p>\n<p style=\"text-indent:2em;\">\n	<span style=\"line-height:2.5;font-size:16px;color:#FFFFFF;background-color:#009900;\">索引分为聚集索引和非聚集索引</span> \n</p>\n<p style=\"text-indent:2em;\">\n	<span style=\"line-height:2.5;font-size:14px;\">聚集索引存储记录是物理上连续存在，而非聚集索引是逻辑上的连续，物理存储并不连续。就像字段，聚集索引是连续的，a后面肯定是b，非聚集索引就不连续了，就像图书馆的某个作者的书，有可能在第1个货架上和第10个货架上。还有一个小知识点就是：聚集索引一个表只能有一个，而非聚集索引一个表可以存在多个。</span> \n</p>\n<p style=\"text-indent:2em;\">\n	<span style=\"line-height:2.5;font-size:14px;\">聚集索引和非聚集索引的根本区别是表记录的排列顺序和与索引的排列顺序是否一致，其实理解起来非常简单，还是举字典的例子：如果按照拼音查询，那么都是从a-z的，是具有连续性的，a后面就是b，b后面就是c，&nbsp;聚集索引就是这样的，他是和表的物理排列顺序是一样的，例如有id为聚集索引，那么1后面肯定是2,2后面肯定是3，所以说这样的搜索顺序的就是聚集索引。非聚集索引就和按照部首查询是一样是，可能按照偏房查询的时候，根据偏旁‘弓’字旁，索引出两个汉字，张和弘，但是这两个其实一个在100页，一个在1000页，（这里只是举个例子），他们的索引顺序和数据库表的排列顺序是不一样的，这个样的就是非聚集索引。</span> \n</p>\n<p style=\"text-indent:2em;\">\n	<span style=\"line-height:2;font-size:14px;\"><span style=\"color:#E53333;line-height:2.5;\"><strong>注</strong></span><span style=\"line-height:2.5;\">：</span><span style=\"color:#333333;line-height:2.5;\"><strong>主键与索引的误区，主键（不能有重复值）是一个约束（constraint），他依附在一个索引上，这个索引可以是聚集索引，也可以是非聚集索引</strong></span><span style=\"color:#333333;line-height:2.5;\"><strong>。</strong></span></span> \n</p>\n<p style=\"text-indent:2em;\">\n	<span style=\"line-height:2.5;font-size:16px;color:#FFFFFF;background-color:#009900;\">索引的存储机制</span> \n</p>\n<p style=\"text-indent:2em;\">\n	<span style=\"line-height:2.5;font-size:14px;\">原理明白了，那他们是怎么存储的呢？在这里简单的说一下，聚集索引就是在数据库被开辟一个物理空间存放他的排列的值，例如1-100，所以当插入数据时，他会重新排列整个整个物理空间，而非聚集索引其实可以看作是一个含有聚集索引的表，他只仅包含原表中非聚集索引的列和指向实际物理表的指针。他只记录一个指针，其实就有点和堆栈差不多的感觉了</span> \n</p>\n<p style=\"text-indent:2em;\">\n	<br />\n</p>\n<p style=\"text-indent:2em;\">\n	<table style=\"margin:0px;padding:0px;border-spacing:0px;border:1px solid silver;word-break:break-word;color:#494949;font-family:Arial, Helvetica, sans-serif;font-size:14px;background-color:#F4EDE3;\">\n		<tbody style=\"margin:0px;padding:0px;\">\n			<tr style=\"margin:0px;padding:0px;\">\n				<td valign=\"center\" width=\"202\" style=\"margin:0px;padding:8px 14px;border:1px solid silver;border-collapse:collapse;\">\n					<p class=\"p0\" style=\"margin:10px auto;padding:0px;\">\n						<span style=\"line-height:2.5;font-size:14px;\">动作描述</span> \n					</p>\n				</td>\n				<td valign=\"center\" width=\"110\" style=\"margin:0px;padding:8px 14px;border:1px solid silver;border-collapse:collapse;\">\n					<p class=\"p0\" style=\"margin:10px auto;padding:0px;\">\n						<span style=\"line-height:2.5;font-size:14px;\">使用聚集索引&nbsp;</span> \n					</p>\n				</td>\n				<td valign=\"center\" width=\"126\" style=\"margin:0px;padding:8px 14px;border:1px solid silver;border-collapse:collapse;\">\n					<p class=\"p0\" style=\"margin:10px auto;padding:0px;\">\n						<span style=\"line-height:2.5;font-size:14px;\">&nbsp;使用非聚集索引</span> \n					</p>\n				</td>\n			</tr>\n			<tr style=\"margin:0px;padding:0px;\">\n				<td valign=\"center\" width=\"202\" style=\"margin:0px;padding:8px 14px;border:1px solid silver;border-collapse:collapse;\">\n					<p class=\"p0\" style=\"margin:10px auto;padding:0px;\">\n						<span style=\"line-height:2.5;font-size:14px;\">&nbsp;外键列</span> \n					</p>\n				</td>\n				<td valign=\"center\" width=\"110\" style=\"margin:0px;padding:8px 14px;border:1px solid silver;border-collapse:collapse;\">\n					<p class=\"p0\" style=\"margin:10px auto;padding:0px;\">\n						<span style=\"line-height:2.5;font-size:14px;\">&nbsp;应</span> \n					</p>\n				</td>\n				<td valign=\"center\" width=\"126\" style=\"margin:0px;padding:8px 14px;border:1px solid silver;border-collapse:collapse;\">\n					<p class=\"p0\" style=\"margin:10px auto;padding:0px;\">\n						<span style=\"line-height:2.5;font-size:14px;\">&nbsp;应</span> \n					</p>\n				</td>\n			</tr>\n			<tr style=\"margin:0px;padding:0px;\">\n				<td valign=\"center\" width=\"202\" style=\"margin:0px;padding:8px 14px;border:1px solid silver;border-collapse:collapse;\">\n					<p class=\"p0\" style=\"margin:10px auto;padding:0px;\">\n						<span style=\"line-height:2.5;font-size:14px;\">&nbsp;主键列</span> \n					</p>\n				</td>\n				<td valign=\"center\" width=\"110\" style=\"margin:0px;padding:8px 14px;border:1px solid silver;border-collapse:collapse;\">\n					<p class=\"p0\" style=\"margin:10px auto;padding:0px;\">\n						<span style=\"line-height:2.5;font-size:14px;\">&nbsp;应</span> \n					</p>\n				</td>\n				<td valign=\"center\" width=\"126\" style=\"margin:0px;padding:8px 14px;border:1px solid silver;border-collapse:collapse;\">\n					<p class=\"p0\" style=\"margin:10px auto;padding:0px;\">\n						<span style=\"line-height:2.5;font-size:14px;\">&nbsp;应</span> \n					</p>\n				</td>\n			</tr>\n			<tr style=\"margin:0px;padding:0px;\">\n				<td valign=\"center\" width=\"202\" style=\"margin:0px;padding:8px 14px;border:1px solid silver;border-collapse:collapse;\">\n					<p class=\"p0\" style=\"margin:10px auto;padding:0px;\">\n						<span style=\"line-height:2.5;font-size:14px;\">&nbsp;列经常被分组排序(order&nbsp;by)</span> \n					</p>\n				</td>\n				<td valign=\"center\" width=\"110\" style=\"margin:0px;padding:8px 14px;border:1px solid silver;border-collapse:collapse;\">\n					<p class=\"p0\" style=\"margin:10px auto;padding:0px;\">\n						<span style=\"line-height:2.5;font-size:14px;\">&nbsp;应</span> \n					</p>\n				</td>\n				<td valign=\"center\" width=\"126\" style=\"margin:0px;padding:8px 14px;border:1px solid silver;border-collapse:collapse;\">\n					<p class=\"p0\" style=\"margin:10px auto;padding:0px;\">\n						<span style=\"line-height:2.5;font-size:14px;\">&nbsp;应</span> \n					</p>\n				</td>\n			</tr>\n			<tr style=\"margin:0px;padding:0px;\">\n				<td valign=\"center\" width=\"202\" style=\"margin:0px;padding:8px 14px;border:1px solid silver;border-collapse:collapse;\">\n					<p class=\"p0\" style=\"margin:10px auto;padding:0px;\">\n						<span style=\"line-height:2.5;font-size:14px;\">&nbsp;返回某范围内的数据</span> \n					</p>\n				</td>\n				<td valign=\"center\" width=\"110\" style=\"margin:0px;padding:8px 14px;border:1px solid silver;border-collapse:collapse;\">\n					<p class=\"p0\" style=\"margin:10px auto;padding:0px;\">\n						<span style=\"line-height:2.5;font-size:14px;\">&nbsp;应</span> \n					</p>\n				</td>\n				<td valign=\"center\" width=\"126\" style=\"margin:0px;padding:8px 14px;border:1px solid silver;border-collapse:collapse;\">\n					<p class=\"p0\" style=\"margin:10px auto;padding:0px;\">\n						<span style=\"line-height:2.5;font-size:14px;\">&nbsp;不应</span> \n					</p>\n				</td>\n			</tr>\n			<tr style=\"margin:0px;padding:0px;\">\n				<td valign=\"center\" width=\"202\" style=\"margin:0px;padding:8px 14px;border:1px solid silver;border-collapse:collapse;\">\n					<p class=\"p0\" style=\"margin:10px auto;padding:0px;\">\n						<span style=\"line-height:2.5;font-size:14px;\">&nbsp;小数目的不同值</span> \n					</p>\n				</td>\n				<td valign=\"center\" width=\"110\" style=\"margin:0px;padding:8px 14px;border:1px solid silver;border-collapse:collapse;\">\n					<p class=\"p0\" style=\"margin:10px auto;padding:0px;\">\n						<span style=\"line-height:2.5;font-size:14px;\">&nbsp;应</span> \n					</p>\n				</td>\n				<td valign=\"center\" width=\"126\" style=\"margin:0px;padding:8px 14px;border:1px solid silver;border-collapse:collapse;\">\n					<p class=\"p0\" style=\"margin:10px auto;padding:0px;\">\n						<span style=\"line-height:2.5;font-size:14px;\">&nbsp;不应</span> \n					</p>\n				</td>\n			</tr>\n			<tr style=\"margin:0px;padding:0px;\">\n				<td valign=\"center\" width=\"202\" style=\"margin:0px;padding:8px 14px;border:1px solid silver;border-collapse:collapse;\">\n					<p class=\"p0\" style=\"margin:10px auto;padding:0px;\">\n						<span style=\"line-height:2.5;font-size:14px;\">&nbsp;大数目的不同值</span> \n					</p>\n				</td>\n				<td valign=\"center\" width=\"110\" style=\"margin:0px;padding:8px 14px;border:1px solid silver;border-collapse:collapse;\">\n					<p class=\"p0\" style=\"margin:10px auto;padding:0px;\">\n						<span style=\"line-height:2.5;font-size:14px;\">&nbsp;不应</span> \n					</p>\n				</td>\n				<td valign=\"center\" width=\"126\" style=\"margin:0px;padding:8px 14px;border:1px solid silver;border-collapse:collapse;\">\n					<p class=\"p0\" style=\"margin:10px auto;padding:0px;\">\n						<span style=\"line-height:2.5;font-size:14px;\">&nbsp;应</span> \n					</p>\n				</td>\n			</tr>\n			<tr style=\"margin:0px;padding:0px;\">\n				<td valign=\"center\" width=\"202\" style=\"margin:0px;padding:8px 14px;border:1px solid silver;border-collapse:collapse;\">\n					<p class=\"p0\" style=\"margin:10px auto;padding:0px;\">\n						<span style=\"line-height:2.5;font-size:14px;\">&nbsp;频繁更新的列</span> \n					</p>\n				</td>\n				<td valign=\"center\" width=\"110\" style=\"margin:0px;padding:8px 14px;border:1px solid silver;border-collapse:collapse;\">\n					<p class=\"p0\" style=\"margin:10px auto;padding:0px;\">\n						<span style=\"line-height:2.5;font-size:14px;\">不应&nbsp;</span> \n					</p>\n				</td>\n				<td valign=\"center\" width=\"126\" style=\"margin:0px;padding:8px 14px;border:1px solid silver;border-collapse:collapse;\">\n					<p class=\"p0\" style=\"margin:10px auto;padding:0px;\">\n						<span style=\"line-height:2.5;font-size:14px;\">&nbsp;应</span> \n					</p>\n				</td>\n			</tr>\n			<tr style=\"margin:0px;padding:0px;\">\n				<td valign=\"center\" width=\"202\" style=\"margin:0px;padding:8px 14px;border:1px solid silver;border-collapse:collapse;\">\n					<p class=\"p0\" style=\"margin:10px auto;padding:0px;\">\n						<span style=\"line-height:2.5;font-size:14px;\">&nbsp;频繁修改索引列</span> \n					</p>\n				</td>\n				<td valign=\"center\" width=\"110\" style=\"margin:0px;padding:8px 14px;border:1px solid silver;border-collapse:collapse;\">\n					<p class=\"p0\" style=\"margin:10px auto;padding:0px;\">\n						<span style=\"line-height:2.5;font-size:14px;\">&nbsp;不应</span> \n					</p>\n				</td>\n				<td valign=\"center\" width=\"126\" style=\"margin:0px;padding:8px 14px;border:1px solid silver;border-collapse:collapse;\">\n					<p class=\"p0\" style=\"margin:10px auto;padding:0px;\">\n						<span style=\"line-height:2.5;font-size:14px;\">&nbsp;应</span> \n					</p>\n				</td>\n			</tr>\n			<tr style=\"margin:0px;padding:0px;\">\n				<td valign=\"center\" width=\"202\" style=\"margin:0px;padding:8px 14px;border:1px solid silver;border-collapse:collapse;\">\n					<p class=\"p0\" style=\"margin:10px auto;padding:0px;\">\n						<span style=\"line-height:2.5;font-size:14px;\">&nbsp;一个或极少不同值</span> \n					</p>\n				</td>\n				<td valign=\"center\" width=\"110\" style=\"margin:0px;padding:8px 14px;border:1px solid silver;border-collapse:collapse;\">\n					<p class=\"p0\" style=\"margin:10px auto;padding:0px;\">\n						<span style=\"line-height:2.5;font-size:14px;\">&nbsp;不应</span> \n					</p>\n				</td>\n				<td valign=\"center\" width=\"126\" style=\"margin:0px;padding:8px 14px;border:1px solid silver;border-collapse:collapse;\">\n					<p class=\"p0\" style=\"margin:10px auto;padding:0px;\">\n						<span style=\"line-height:2.5;font-size:14px;\">&nbsp;不应</span> \n					</p>\n				</td>\n			</tr>\n		</tbody>\n	</table>\n</p>', 0, '2021-01-12 23:01:52', '2019-01-22 22:08:39', NULL);
INSERT INTO `cms_article` VALUES (52, 1, b'0', 1052, '面试最让你手足无措的一个问题：你的系统如何支撑高并发？', NULL, '', '火虫网', '网络整理', b'0', '', '中国', NULL, NULL, b'0', b'1', b'0', b'1', '高并发,系统高并发', '其实本文的定位，就是对高并发这个面试topic做一个扫盲。然后在面试的时候，起码自己做过一定深度的思考，结合自己负责的系统做过一些实践，可以跟面试官有一个较为清晰和系统的阐述。', '<p style=\"text-indent: 2em;\">&nbsp;</p>\n<p style=\"text-indent: 2em;\"><span style=\"font-size: 16px; line-height: 2;\"><strong>（1）一道面试题的背景引入</strong></span></p>\n<p style=\"text-indent: 2em;\"><span style=\"font-size: 14px; line-height: 2.5;\">这篇文章，我们聊聊大量同学问我的一个问题，面试的时候被问到一个让人特别手足无措的问题：你的系统如何支撑高并发？</span><span style=\"font-size: 14px; text-indent: 2em; line-height: 2.5;\">大多数同学被问到这个问题压根儿没什么思路去回答，不知道从什么地方说起，其实本质就是没经历过一些真正有高并发系统的锤炼罢了。</span><span style=\"font-size: 14px; text-indent: 2em; line-height: 2.5;\">因为没有过相关的项目经历，所以就没法从真实的自身体会和经验中提炼出一套回答，然后系统的阐述出来自己复杂过的系统如何支撑高并发的。</span><span style=\"font-size: 14px; text-indent: 2em; line-height: 2.5;\">所以，这篇文章就从这个角度切入来简单说说这个问题，用一个最简单的思路来回答，大致如何应对。</span><span style=\"font-size: 14px; text-indent: 2em; line-height: 2.5;\">当然这里首先说清楚一个前提：高并发系统各不相同。比如每秒百万并发的中间件系统、每日百亿请求的网关系统、瞬时每秒几十万请求的秒杀大促系统。</span><span style=\"font-size: 14px; text-indent: 2em; line-height: 2.5;\">他们在应对高并发的时候，因为系统各自自身特点的不同，所以应对架构都是不一样的。</span><span style=\"font-size: 14px; text-indent: 2em; line-height: 2.5;\">另外，比如电商平台中的订单系统、商品系统、库存系统，在高并发场景下的架构设计也是不同的，因为背后的业务场景什么的都不一样。</span><span style=\"font-size: 14px; text-indent: 2em; line-height: 2.5;\">所以，这篇文章主要是给大家提供一个回答这类问题的思路，不涉及任何复杂架构设计，让你不至于在面试中被问到这个问题时，跟面试官大眼瞪小眼。</span><span style=\"font-size: 14px; text-indent: 2em; line-height: 2.5;\">具体要真能在面试的时候回答好这个问题，建议各位参考一下本文思路，然后对你自己手头负责的系统多去思考一下，最好做一些相关的架构实践。</span></p>\n<p style=\"text-indent: 2em;\"><span style=\"font-size: 16px; line-height: 2;\"><strong>&nbsp;</strong></span></p>\n<p style=\"text-indent: 2em;\"><span style=\"font-size: 16px; line-height: 2;\"><strong>（2）先考虑一个最简单的系统架构</strong></span></p>\n<p style=\"text-indent: 2em;\">&nbsp;</p>\n<p style=\"text-indent: 2em;\"><span style=\"font-size: 14px; line-height: 2.5;\">假设刚刚开始你的系统就部署在一台机器上，背后就连接了一台数据库，数据库部署在一台服务器上。</span><span style=\"font-size: 14px; text-indent: 2em; line-height: 2.5;\">我们甚至可以再现实点，给个例子，你的系统部署的机器是4核8G，数据库服务器是16核32G。</span><span style=\"font-size: 14px; text-indent: 2em; line-height: 2.5;\">此时假设你的系统用户量总共就10万，用户量很少，日活用户按照不同系统的场景有区别，我们取一个较为客观的比例，10%吧，每天活跃的用户就1万。</span><span style=\"font-size: 14px; text-indent: 2em; line-height: 2.5;\">按照28法则，每天高峰期算他4个小时，高峰期活跃的用户占比达到80%，就是8000人活跃在4小时内。</span><span style=\"font-size: 14px; text-indent: 2em; line-height: 2.5;\">然后每个人对你的系统发起的请求，我们算他每天是20次吧。那么高峰期8000人发起的请求也才16万次，平均到4小时内的每秒（14400秒），每秒也就10次请求。</span><span style=\"font-size: 14px; text-indent: 2em; line-height: 2.5;\">好吧！完全跟高并发搭不上边，对不对？</span><span style=\"font-size: 14px; text-indent: 2em; line-height: 2.5;\">然后系统层面每秒是10次请求，对数据库的调用每次请求都会好几次数据库操作的，比如做做crud之类的。</span><span style=\"font-size: 14px; text-indent: 2em; line-height: 2.5;\">那么我们取一个一次请求对应3次数据库请求吧，那这样的话，数据库层每秒也就30次请求，对不对？</span><span style=\"font-size: 14px; text-indent: 2em; line-height: 2.5;\">按照这台数据库服务器的配置，支撑是绝对没问题的。</span></p>\n<p style=\"text-indent: 2em;\"><span style=\"font-size: 14px; line-height: 2;\">上述描述的系统，用一张图表示，就是下面这样：</span></p>\n<p style=\"text-indent: 2em;\"><span style=\"font-size: 14px; line-height: 2;\">&nbsp;</span></p>\n<div style=\"text-indent: 2em;\"><img src=\"../editorImages/image/20190123/b397349d675c4bd7a035efba9e2da88f.png\" alt=\"\" /><span style=\"font-size: 14px; text-indent: 2em;\">&nbsp;</span></div>\n<p style=\"text-indent: 2em;\"><span style=\"font-size: 16px; line-height: 2;\"><strong>（3）系统集群化部署</strong></span></p>\n<p style=\"text-indent: 2em;\">&nbsp;</p>\n<p style=\"text-indent: 2em;\"><span style=\"font-size: 14px; line-height: 2.5;\">假设此时你的用户数开始快速增长，比如注册用户量增长了50倍，上升到了500万。</span><span style=\"font-size: 14px; text-indent: 2em; line-height: 2.5;\">此时日活用户是50万，高峰期对系统每秒请求是500/s。然后对数据库的每秒请求数量是1500/s，这个时候会怎么样呢？</span><span style=\"font-size: 14px; text-indent: 2em; line-height: 2.5;\">按照上述的机器配置来说，如果你的系统内处理的是较为复杂的一些业务逻辑，是那种重业务逻辑的系统的话，是比较耗费CPU的。</span><span style=\"font-size: 14px; text-indent: 2em; line-height: 2.5;\">此时，4核8G的机器每秒请求达到500/s的时候，很可能你会发现你的机器CPU负载较高了。</span><span style=\"font-size: 14px; text-indent: 2em; line-height: 2.5;\">然后数据库层面，以上述的配置而言，其实基本上1500/s的高峰请求压力的话，还算可以接受。</span><span style=\"font-size: 14px; text-indent: 2em; line-height: 2.5;\">这个主要是要观察数据库所在机器的磁盘负载、网络负载、CPU负载、内存负载，按照我们的线上经验而言，那个配置的数据库在1500/s请求压力下是没问题的。</span><span style=\"font-size: 14px; text-indent: 2em; line-height: 2.5;\">所以此时你需要做的一个事情，首先就是要支持你的系统集群化部署。</span><span style=\"font-size: 14px; text-indent: 2em; line-height: 2.5;\">你可以在前面挂一个负载均衡层，把请求均匀打到系统层面，让系统可以用多台机器集群化支撑更高的并发压力。</span><span style=\"font-size: 14px; text-indent: 2em; line-height: 2.5;\">比如说这里假设给系统增加部署一台机器，那么每台机器就只有250/s的请求了。</span><span style=\"font-size: 14px; text-indent: 2em; line-height: 2.5;\">这样一来，两台机器的CPU负载都会明显降低，这个初步的&ldquo;高并发&rdquo;不就先cover住了吗？</span><span style=\"font-size: 14px; text-indent: 2em; line-height: 2.5;\">要是连这个都不做，那单台机器负载越来越高的时候，极端情况下是可能出现机器上部署的系统无法有足够的资源响应请求了，然后出现请求卡死，甚至系统宕机之类的问题。</span></p>\n<p style=\"text-indent: 2em;\"><span style=\"font-size: 14px; line-height: 2;\">所以，简单小结，第一步要做的：</span></p>\n<p style=\"text-indent: 2em;\">&nbsp;</p>\n<ol>\n<li><span style=\"font-size: 14px; line-height: 2; color: #ffffff; background-color: #ff9900;\"><strong>添加负载均衡层，将请求均匀打到系统层。</strong></span></li>\n<li><span style=\"font-size: 14px; line-height: 2; background-color: #ff9900; color: #ffffff;\"><strong>系统层采用集群化部署多台机器，扛住初步的并发压力。</strong></span><strong><span style=\"background-color: #ff9900; color: #ffffff;\">&nbsp;</span></strong></li>\n</ol>\n<p style=\"text-indent: 2em;\"><span style=\"font-size: 14px; line-height: 2;\">此时的架构图变成下面的样子：</span></p>\n<p style=\"text-indent: 2em;\"><span style=\"font-size: 14px; line-height: 2;\">&nbsp;</span></p>\n<div style=\"text-indent: 2em;\"><img src=\"../editorImages/image/20190123/4f73464c4af347aba6298bd45565e064.png\" alt=\"\" /></div>\n<p style=\"text-indent: 2em;\"><span style=\"font-size: 16px; line-height: 2;\"><strong>&nbsp;</strong></span></p>\n<p style=\"text-indent: 2em;\"><span style=\"font-size: 16px; line-height: 2;\"><strong>（4）数据库分库分表 + 读写分离</strong></span></p>\n<p style=\"text-indent: 2em;\"><span style=\"font-size: 14px; line-height: 2.5;\">假设此时用户量继续增长，达到了1000万注册用户，然后每天日活用户是100万。</span><span style=\"font-size: 14px; text-indent: 2em; line-height: 2.5;\">那么此时对系统层面的请求量会达到每秒1000/s，系统层面，你可以继续通过集群化的方式来扩容，反正前面的负载均衡层会均匀分散流量过去的。</span><span style=\"font-size: 14px; text-indent: 2em; line-height: 2.5;\">但是，这时数据库层面接受的请求量会达到3000/s，这个就有点问题了。</span><span style=\"font-size: 14px; text-indent: 2em; line-height: 2.5;\">此时数据库层面的并发请求翻了一倍，你一定会发现线上的数据库负载越来越高。</span><span style=\"font-size: 14px; text-indent: 2em; line-height: 2.5;\">每次到了高峰期，磁盘IO、网络IO、内存消耗、CPU负载的压力都会很高，大家很担心数据库服务器能否抗住。</span><span style=\"font-size: 14px; text-indent: 2em; line-height: 2.5;\">没错，一般来说，对那种普通配置的线上数据库，建议就是读写并发加起来，按照上述我们举例的那个配置，不要超过3000/s。</span><span style=\"font-size: 14px; text-indent: 2em; line-height: 2.5;\">因为数据库压力过大，首先一个问题就是高峰期系统性能可能会降低，因为数据库负载过高对性能会有影响。</span><span style=\"font-size: 14px; text-indent: 2em;\"><span style=\"line-height: 2.5;\">另外一个，压力过大把你的数据库给搞挂了怎么办？</span></span><span style=\"font-size: 14px; text-indent: 2em; line-height: 2.5;\">所以此时你必须得对系统做分库分表 + 读写分离，也就是把一个库拆分为多个库，部署在多个数据库服务上，这是作为主库承载写入请求的。</span><span style=\"font-size: 14px; text-indent: 2em; line-height: 2.5;\">然后每个主库都挂载至少一个从库，由从库来承载读请求。</span><span style=\"font-size: 14px; text-indent: 2em; line-height: 2.5;\">此时假设对数据库层面的读写并发是3000/s，其中写并发占到了1000/s，读并发占到了2000/s。</span><span style=\"font-size: 14px; text-indent: 2em; line-height: 2.5;\">那么一旦分库分表之后，采用两台数据库服务器上部署主库来支撑写请求，每台服务器承载的写并发就是500/s。每台主库挂载一个服务器部署从库，那么2个从库每个从库支撑的读并发就是1000/s。</span></p>\n<p style=\"text-indent: 2em;\"><span style=\"font-size: 14px; line-height: 2;\">简单总结，并发量继续增长时，我们就需要focus在数据库层面：分库分表、读写分离。</span></p>\n<p style=\"text-indent: 2em;\"><span style=\"font-size: 14px; line-height: 2;\">此时的架构图如下所示：</span></p>\n<div style=\"text-indent: 2em;\">\n<div><img src=\"../editorImages/image/20190123/b84c503d72564ceab0de9671f5ee4b01.png\" alt=\"\" /><span style=\"font-size: 14px; text-indent: 2em;\">&nbsp;</span></div>\n</div>\n<p style=\"text-indent: 2em;\"><span style=\"font-size: 16px; line-height: 2;\"><strong>（5）缓存集群引入</strong></span><span style=\"font-size: 14px; text-indent: 2em;\">&nbsp;</span></p>\n<p style=\"text-indent: 2em;\"><span style=\"font-size: 14px; line-height: 2.5;\">接着就好办了，如果你的注册用户量越来越大，此时你可以不停的加机器，比如说系统层面不停加机器，就可以承载更高的并发请求。</span><span style=\"font-size: 14px; text-indent: 2em; line-height: 2.5;\">然后数据库层面如果写入并发越来越高，就扩容加数据库服务器，通过分库分表是可以支持扩容机器的，如果数据库层面的读并发越来越高，就扩容加更多的从库。</span><span style=\"font-size: 14px; text-indent: 2em; line-height: 2.5;\">但是这里有一个很大的问题：数据库其实本身不是用来承载高并发请求的，所以通常来说，数据库单机每秒承载的并发就在几千的数量级，而且数据库使用的机器都是比较高配置，比较昂贵的机器，成本很高。</span><span style=\"font-size: 14px; text-indent: 2em; line-height: 2.5;\">如果你就是简单的不停的加机器，其实是不对的。</span><span style=\"font-size: 14px; text-indent: 2em; line-height: 2.5;\">所以在高并发架构里通常都有缓存这个环节，缓存系统的设计就是为了承载高并发而生。</span><span style=\"font-size: 14px; text-indent: 2em; line-height: 2.5;\">所以单机承载的并发量都在每秒几万，甚至每秒数十万，对高并发的承载能力比数据库系统要高出一到两个数量级。</span><span style=\"font-size: 14px; text-indent: 2em; line-height: 2.5;\">所以你完全可以根据系统的业务特性，对那种写少读多的请求，引入缓存集群。</span></p>\n<p style=\"text-indent: 2em;\"><span style=\"font-size: 14px; line-height: 2.5;\">具体来说，就是在写数据库的时候同时写一份数据到缓存集群里，然后用缓存集群来承载大部分的读请求。</span><span style=\"font-size: 14px; text-indent: 2em; line-height: 2.5;\">这样的话，通过缓存集群，就可以用更少的机器资源承载更高的并发。</span><span style=\"font-size: 14px; text-indent: 2em; line-height: 2.5;\">比如说上面那个图里，读请求目前是每秒2000/s，两个从库各自抗了1000/s读请求，但是其中可能每秒1800次的读请求都是可以直接读缓存里的不怎么变化的数据的。</span><span style=\"font-size: 14px; text-indent: 2em; line-height: 2.5;\">那么此时你一旦引入缓存集群，就可以抗下来这1800/s读请求，落到数据库层面的读请求就200/s。</span></p>\n<p style=\"text-indent: 2em;\"><span style=\"font-size: 14px; line-height: 2.5;\">同样，给大家来一张架构图，一起来感受一下：</span></p>\n<div style=\"text-indent: 2em;\">\n<div><img src=\"../editorImages/image/20190123/b75c433a3c72432f9a7c533846163cb6.png\" alt=\"\" />\n<div><span style=\"font-size: 14px; line-height: 2;\">&nbsp;</span><span style=\"font-size: 14px; text-indent: 2em;\">&nbsp;</span></div>\n</div>\n</div>\n<p style=\"text-indent: 2em;\"><span style=\"font-size: 14px; line-height: 2;\">按照上述架构，他的好处是什么呢？</span></p>\n<p style=\"text-indent: 2em;\"><span style=\"font-size: 14px; line-height: 2;\">可能未来你的系统读请求每秒都几万次了，但是可能80%~90%都是通过缓存集群来读的，而缓存集群里的机器可能单机每秒都可以支撑几万读请求，所以耗费机器资源很少，可能就两三台机器就够了。</span><span style=\"font-size: 14px; text-indent: 2em;\">你要是换成是数据库来试一下，可能就要不停的加从库到10台、20台机器才能抗住每秒几万的读并发，那个成本是极高的。</span><span style=\"font-size: 14px; text-indent: 2em;\">好了，我们再来简单小结，承载高并发需要考虑的第三个点：</span></p>\n<p style=\"text-indent: 2em;\">&nbsp;</p>\n<ul>\n<li><span style=\"font-size: 14px; line-height: 2; background-color: #ff9900; color: #ffffff;\">不要盲目进行数据库扩容，数据库服务器成本昂贵，且本身就不是用来承载高并发的</span></li>\n<li><span style=\"font-size: 14px; line-height: 2; color: #ffffff; background-color: #ff9900;\">针对写少读多的请求，引入缓存集群，用缓存集群抗住大量的读请求</span></li>\n</ul>\n<p style=\"text-indent: 2em;\"><span style=\"font-size: 16px; line-height: 2;\"><strong>&nbsp;</strong></span></p>\n<p style=\"text-indent: 2em;\"><span style=\"font-size: 16px; line-height: 2;\"><strong>（6）引入消息中间件集群</strong></span><span style=\"font-size: 14px; text-indent: 2em;\">&nbsp;</span></p>\n<p style=\"text-indent: 2em;\"><span style=\"font-size: 14px; line-height: 2.5;\">接着再来看看数据库写这块的压力，其实是跟读类似的。</span><span style=\"font-size: 14px; text-indent: 2em; line-height: 2.5;\">假如说你所有写请求全部都落地数据库的主库层，当然是没问题的，但是写压力要是越来越大了呢？</span><span style=\"font-size: 14px; text-indent: 2em; line-height: 2.5;\">比如每秒要写几万条数据，此时难道也是不停的给主库加机器吗？</span><span style=\"font-size: 14px; text-indent: 2em; line-height: 2.5;\">可以当然也可以，但是同理，你耗费的机器资源是很大的，这个就是数据库系统的特点所决定的。</span><span style=\"font-size: 14px; text-indent: 2em; line-height: 2.5;\">相同的资源下，数据库系统太重太复杂，所以并发承载能力就在几千/s的量级，所以此时你需要引入别的一些技术。</span><span style=\"font-size: 14px; text-indent: 2em; line-height: 2.5;\">比如说消息中间件技术，也就是MQ集群，他是非常好的做写请求异步化处理，实现削峰填谷的效果。</span><span style=\"font-size: 14px; text-indent: 2em; line-height: 2.5;\">假如说，你现在每秒是1000/s次写请求，其中比如500次请求是必须请求过来立马写入数据库中的，但是另外500次写请求是可以允许异步化等待个几十秒，甚至几分钟后才落入数据库内的。</span><span style=\"font-size: 14px; text-indent: 2em; line-height: 2.5;\">那么此时你完全可以引入消息中间件集群，把允许异步化的每秒500次请求写入MQ，然后基于MQ做一个削峰填谷。比如就以平稳的100/s的速度消费出来然后落入数据库中即可，此时就会大幅度降低数据库的写入压力。</span></p>\n<p style=\"text-indent: 2em;\"><span style=\"font-size: 14px; line-height: 2.5;\">ps：关于MQ削峰填谷的概念，在公众号之前讲消息中间件的文章中已详细阐述，如果大伙儿忘记了，可以回顾一下。</span></p>\n<p style=\"text-indent: 2em;\"><span style=\"font-size: 14px; line-height: 2.5;\">此时，架构图变成了下面这样：</span></p>\n<div style=\"text-indent: 2em;\">\n<div><img src=\"../editorImages/image/20190123/0332e0e128e34021b13a8cd8ac20ca7d.png\" alt=\"\" />\n<div><span style=\"font-size: 14px; text-indent: 2em;\">&nbsp;</span></div>\n</div>\n</div>\n<p style=\"text-indent: 2em;\"><span style=\"font-size: 14px; line-height: 2.5;\">大家看上面的架构图，首先消息中间件系统本身也是为高并发而生，所以通常单机都是支撑几万甚至十万级的并发请求的。</span><span style=\"font-size: 14px; text-indent: 2em; line-height: 2.5;\">所以，他本身也跟缓存系统一样，可以用很少的资源支撑很高的并发请求，用他来支撑部分允许异步化的高并发写入是没问题的，比使用数据库直接支撑那部分高并发请求要减少很多的机器使用量。</span><span style=\"font-size: 14px; text-indent: 2em; line-height: 2.5;\">而且经过消息中间件的削峰填谷之后，比如就用稳定的100/s的速度写数据库，那么数据库层面接收的写请求压力，不就成了500/s + 100/s&nbsp;= 600/s了么？</span><span style=\"font-size: 14px; text-indent: 2em; line-height: 2.5;\">大家看看，是不是发现减轻了数据库的压力？</span><span style=\"font-size: 14px; text-indent: 2em; line-height: 2.5;\">目前为止，通过下面的手段，我们已经可以让系统架构尽可能用最小的机器资源抗住了最大的请求压力，减轻了数据库的负担。</span></p>\n<p style=\"text-indent: 2em;\">&nbsp;</p>\n<ul>\n<li><span style=\"font-size: 14px; line-height: 2; color: #ffffff; background-color: #ff9900;\">系统集群化</span></li>\n<li><span style=\"font-size: 14px; line-height: 2; color: #ffffff; background-color: #ff9900;\">数据库层面的分库分表+读写分离</span></li>\n<li><span style=\"font-size: 14px; line-height: 2; color: #ffffff; background-color: #ff9900;\">针对读多写少的请求，引入缓存集群</span></li>\n<li><span style=\"font-size: 14px; line-height: 2; color: #ffffff; background-color: #ff9900;\">针对高写入的压力，引入消息中间件集群，</span></li>\n</ul>\n<p style=\"text-indent: 2em;\"><span style=\"font-size: 14px; text-indent: 2em;\">&nbsp;</span></p>\n<p style=\"text-indent: 2em;\"><span style=\"font-size: 14px; line-height: 2;\">初步来说，简单的一个高并发系统的阐述是说完了。</span><span style=\"font-size: 14px; text-indent: 2em;\">但是，其实故事到这里还远远没有结束。</span></p>\n<p style=\"text-indent: 2em;\"><span style=\"font-size: 14px; text-indent: 2em;\">&nbsp;</span></p>\n<p style=\"text-indent: 2em;\"><span style=\"font-size: 16px; line-height: 2;\"><strong>（7）现在能hold住高并发面试题了吗？</strong></span><span style=\"font-size: 14px; text-indent: 2em;\">&nbsp;</span></p>\n<p style=\"text-indent: 2em;\"><span style=\"font-size: 14px; line-height: 2;\">看完了这篇文章，你觉得自己能回答好面试里的高并发问题了吗？</span></p>\n<p style=\"text-indent: 2em;\"><span style=\"font-size: 14px; line-height: 2;\">很遗憾，答案是不能。而且我觉得单单凭借几篇文章是绝对不可能真的让你完全回答好这个问题的，这里有很多原因在里面。</span></p>\n<p style=\"text-indent: 2em;\"><span style=\"font-size: 14px; line-height: 2.5;\">首先，高并发这个话题本身是非常复杂的，远远不是一些文章可以说的清楚的，他的本质就在于，真实的支撑复杂业务场景的高并发系统架构其实是非常复杂的。</span><span style=\"font-size: 14px; text-indent: 2em; line-height: 2.5;\">比如说每秒百万并发的中间件系统、每日百亿请求的网关系统、瞬时每秒几十万请求的秒杀大促系统、支撑几亿用户的大规模高并发电商平台架构，等等。</span><span style=\"font-size: 14px; text-indent: 2em; line-height: 2.5;\">为了支撑高并发请求，在系统架构的设计时，会结合具体的业务场景和特点，设计出各种复杂的架构，这需要大量底层技术支撑，需要精妙的架构和机制设计的能力。</span><span style=\"font-size: 14px; text-indent: 2em; line-height: 2.5;\">最终，各种复杂系统呈现出来的架构复杂度会远远超出大部分没接触过的同学的想象。</span><span style=\"font-size: 14px; text-indent: 2em; line-height: 2.5;\">但是那么复杂的系统架构，通过一些文章是很难说的清楚里面的各种细节以及落地生产的过程的。</span><span style=\"font-size: 14px; text-indent: 2em; line-height: 2.5;\">其次，高并发这话题本身包含的内容也远远不止本文说的这么几个topic：分库分表、缓存、消息。</span><span style=\"font-size: 14px; text-indent: 2em; line-height: 2.5;\">一个完整而复杂的高并发系统架构中，一定会包含各种复杂的自研基础架构系统、各种精妙的架构设计（比如热点缓存架构设计、多优先级高吞吐MQ架构设计、系统全链路并发性能优化设计，等等）、还有各种复杂系统组合而成的高并发架构整体技术方案、还有NoSQL（Elasticsearch等）/负载均衡/Web服务器等相关技术。</span><span style=\"font-size: 14px; text-indent: 2em; line-height: 2.5;\">所以大家切记要对技术保持敬畏之心，这些东西都很难通过一些文章来表述清楚。</span></p>\n<p style=\"text-indent: 2em;\"><span style=\"font-size: 14px; line-height: 2.5;\">最后，真正在生产落地的时候，高并发场景下你的系统会出现大量的技术问题。</span><span style=\"font-size: 14px; text-indent: 2em; line-height: 2.5;\">比如说消息中间件吞吐量上不去需要优化、磁盘写压力过大性能太差、内存消耗过大容易撑爆、分库分表中间件不知道为什么丢了数据，等等吧。</span><span style=\"font-size: 14px; text-indent: 2em; line-height: 2.5;\">诸如此类的问题非常多，这些也不可能通过文章给全部说清楚。</span></p>\n<p style=\"text-indent: 2em;\"><span style=\"font-size: 14px; text-indent: 2em; line-height: 2.5;\">&nbsp;</span></p>\n<p style=\"text-indent: 2em;\"><span style=\"font-size: 16px; line-height: 2;\"><strong>（8）本文能带给你什么启发？</strong></span><span style=\"font-size: 16px; text-indent: 2em;\"><strong>&nbsp;</strong></span></p>\n<p style=\"text-indent: 2em;\">&nbsp;</p>\n<p style=\"text-indent: 2em;\"><span style=\"font-size: 14px; line-height: 2.5;\">其实本文的定位，就是对高并发这个面试topic做一个扫盲，因为我发现大部分来问我这个问题的同学，连本文阐述的最最基本的高并发架构演进思路可能都没理解。</span><span style=\"font-size: 14px; text-indent: 2em; line-height: 2.5;\">当然，也是因为毕竟没真的做过高并发系统，没相关经验，确实很难理解好这个问题。</span><span style=\"font-size: 14px; text-indent: 2em; line-height: 2.5;\">所以本文就是让很多没接触过的同学有一个初步的感知，这个高并发到底是怎么回事儿，到底对系统哪里有压力，要在系统架构里引入什么东西，才可以比较好的支撑住较高的并发压力。</span><span style=\"font-size: 14px; text-indent: 2em; line-height: 2.5;\">而且你可以顺着本文的思路继续思考下去，结合你自己熟悉和知道的一些技术继续思考。</span><span style=\"font-size: 14px; text-indent: 2em; line-height: 2.5;\">比如说，你熟悉Elasticsearch技术，那么你就可以思考，唉？在高并发的架构之下，是不是可以通过分布式架构的ES技术支撑高并发的搜索？</span></p>\n<p style=\"text-indent: 2em;\"><span style=\"font-size: 14px; line-height: 2.5;\">上面所说，权当抛砖引玉。大家自己平时一定要多思考，自己多画图，盘点盘点自己手头系统的请求压力。计算一下分散到各个中间件层面的请求压力，到底应该如何利用最少的机器资源最好的支撑更高的并发请求。</span><span style=\"font-size: 14px; text-indent: 2em; line-height: 2.5;\">这才是一个好的高并发架构设计思路。</span><span style=\"font-size: 14px; text-indent: 2em; line-height: 2.5;\">如果起到这个效果，本文就成功了。剩下的，还是建议各位同学，对高并发这个话题，结合自己手头负责的系统多做思考。</span></p>\n<p style=\"text-indent: 2em;\"><span style=\"font-size: 14px; line-height: 2.5;\">比如当前业务场景下，你的系统有多大的请求压力？如果请求压力增长10倍你的架构如何支撑？如果请求压力增长100倍，你的架构如何支撑？如果请求压力增长1000倍，你的架构如何支撑？</span></p>\n<p style=\"text-indent: 2em;\"><span style=\"font-size: 14px; line-height: 2.5;\">平时一定多给自己设置一些技术挑战，敦促自己去思考自己的系统，最好多做写架构上的演练、落地和实践，自己实际操作一下，才有更好的感知。</span><span style=\"font-size: 14px; text-indent: 2em; line-height: 2.5;\">然后在面试的时候，起码自己做过一定深度的思考，结合自己负责的系统做过一些实践，可以跟面试官有一个较为清晰和系统的阐述。</span><span style=\"font-size: 14px; text-indent: 2em; line-height: 2.5;\">虽然大部分同学可能没机会经历那种真正大规模超高并发的系统架构的设计，但是本文如果能让大家平时对自己的项目多一些思考。在面试的时候，有一些系统性的思路和阐述，那么也就达到本文的目的了。</span></p>\n<p style=\"text-indent: 2em;\"><span style=\"font-size: 14px; line-height: 2;\">&nbsp;原文链接：<span style=\"white-space: nowrap;\">https://www.cnblogs.com/bokeyuan1204/p/10304128.html</span></span></p>', 0, '2022-06-13 22:08:43', '2019-01-23 10:38:14', NULL);
INSERT INTO `cms_article` VALUES (53, 1, b'0', 1031, 'HTML5 入门系列(一)-环境概念', NULL, NULL, 'relayrare', '火虫网', b'0', NULL, '杭州', NULL, NULL, b'1', b'0', b'0', b'1', 'HTML5 ,HTML5 入门系列,HTML5 入门', '本篇是web前端入门篇系列之环境概念解释说明,在入门前端时一开始要清楚浏览器，服务器的概念及常见的浏览器有哪些？，服务器是什么？网页请求响应的背后一个简略图文说明,此外，对一些HTTP、DNS、w3c、Internet也做了一些说明,只有先了解这些，后面的学起来才会更通俗易懂。', '<p>\n	<br />\n</p>\n<p>\n	<span style=\"font-size:16px;\"><strong>&nbsp;什么是浏览器？</strong></span> \n</p>\n<p>\n	浏览器：它是帮助用户进行浏览网页的软件。<br />\n浏览器与浏览器内核： ie：trident、safari:webkit、ff:gecko、chrome,opera:chromium、 edge：微软最新的浏览器。\n</p>\n<p>\n	<img src=\"/editorImages/image/20190126/20190126204751_1676498444.png\" alt=\"\" /> \n</p>\n<p>\n	<br />\n</p>\n<p>\n	<span style=\"font-size:16px;\"><strong>什么是服务器和 Web 服务器?</strong></span> \n</p>\n<p>\n	服务器就是稳定性比较强的电脑。\n</p>\n<p>\n	<img src=\"/editorImages/image/20190126/20190126204931_1044332001.png\" alt=\"\" /> \n</p>\n<p>\n	网页请求背后的秘密\n</p>\n<p>\n	总体的过程：\n</p>\n<p>\n	第一点: 用户在客户机上用浏览器请求网页\n</p>\n<p>\n	第二点：&nbsp;&nbsp;&nbsp;网络数据传输\n</p>\n<p>\n	第三点：&nbsp;&nbsp;&nbsp;服务器端解析用户请求&nbsp;\n</p>\n<p>\n	第四点：&nbsp; 服务器处理请求并返回页面内容\n</p>\n<p>\n	第五点：&nbsp;浏览器接受返回的响应网页内容\n</p>\n<p>\n	第六点：&nbsp;浏览器渲染成可视化的网页内容\n</p>\n<p>\n	<img src=\"/editorImages/image/20190126/20190126205155_443324357.png\" alt=\"\" /> \n</p>\n<div>\n	参考： Internet：因特网，互联网。可以实现全球信息互联的网络。 WWW：万维网（world wide web），它是提供网站相关服务，人们可以通过万维网服务进 行网上聊天、网上冲浪、网购、搜索资料、查看天气、查看新闻、交友聊天等。<br />\nW3C：万维网联盟创建于 1994 年.是 Web 技术领域最具权威和影响力的国际中立性技术标 准机构。我们后面学的 html、css 等标准都是由此机构主导制定。<br />\nHTTP：超文本传输协议（HTTP，HyperTextTransferProtocol），也就是浏览器和服务器端 的网页传输数据的约束和规范。<br />\nDNS：DNS（Domain NameSystem，域名系统），因特网上作为域名和 IP 地址相互映射的 一个分布式数据库，能够使用户更方便的访问互联网，而不用去记住能够被机器直接读取的 IP 数串。通过主机名，最终得到该主机名对应的 IP 地址的过程叫做域名解析（或主机名解 析）。<br />\n	<div>\n		<br />\n	</div>\n</div>', 0, '2022-12-20 11:55:18', '2019-01-26 20:52:03', NULL);
INSERT INTO `cms_article` VALUES (54, 1, b'0', 1031, 'HTML5 入门系列(二)-HTML的结构', NULL, NULL, 'realyrare', '火虫网', b'0', NULL, '杭州', NULL, NULL, b'0', b'0', b'0', b'1', 'HTML的结构,HTML5 入门系列,HTML元素', '本篇是web前端入门第二篇，主要介绍html结构的组成元素及相关html元素书写注意的问题，此外对个别元素也做了部分说明,算是介绍比较全面的，后面对一些HTML5的新增元素也做了介绍。文中也做了一些相关代码，尽量做到了理论实践相结合。', '<strong><span style=\"font-size:16px;line-height:2;\">&nbsp;网页组成</span></strong><br />\n<p>\n	<span style=\"line-height:2;font-size:14px;\">HTML：页面结构</span> \n</p>\n<p>\n	<span style=\"line-height:2;font-size:14px;\">CSS：页面样式表现&nbsp;</span> \n</p>\n<p>\n	<span style=\"line-height:2;font-size:14px;\">JavaScript：交互行为</span> \n</p>\n<span style=\"line-height:2;\"></span><span style=\"line-height:2;font-size:14px;\">可以参考类比人： 人体的骨骼类比于 HTML 页面结构； 衣服类比于 CSS； 人的行为类比于 JavaScript；</span><br />\n<div>\n	<img src=\"/editorImages/image/20190127/20190127113121_1804106521.png\" alt=\"\" /><br />\n</div>\n<strong><span style=\"font-size:16px;line-height:2;\"></span></strong><strong><span style=\"font-size:16px;line-height:2;\">HTML 简介</span></strong> \n<p>\n	<span style=\"line-height:2;font-size:14px;\">HTML（英文 HyperTextMarkup Language 的缩写）中文译为“超文本标记语言”，主要是 通过 HTML 标记对网页中的文本、图片、声音等内容进行描述。</span> \n</p>\n<p>\n	<strong><span style=\"font-size:16px;line-height:2;\">HTML 的发展史</span></strong> \n</p>\n<p>\n	<span style=\"line-height:2;font-size:14px;\">HTML1.0 超文本标记语言(第一版)-- 在 1993 年 6 月发为互联网工程工作小组(IETF)工作 草案发布(并非标准) 。</span> \n</p>\n<p>\n	<span style=\"line-height:2;font-size:14px;\">HTML2.0 -- 1995 年 11 月作为 RFC 1866 发布,在 RFC 2854 于 2000 年 6 月发布之后被宣布 已经过时。</span> \n</p>\n<p>\n	<span style=\"line-height:2;font-size:14px;\">&nbsp;HTML3.2--1996 年 1 月 14 日,W3C 推荐标准 HTML4.0--1997 年 12 月 18 日,W3C 推荐标准。</span> \n</p>\n<p>\n	<span style=\"line-height:2;font-size:14px;\">&nbsp;HTML4.01(微小改进)--1999 年 12 月 24 日,W3C 推荐标准。</span> \n</p>\n<p>\n	<span style=\"line-height:2;font-size:14px;\">&nbsp;XHTML1.0-- 发布于 2000 年 1 月 26 日,是 W3C 推荐标准,后来经过修订于 2002 年 8 月 1 日重新发布&nbsp;</span> \n</p>\n<p>\n	<span style=\"line-height:2;font-size:14px;\">XHTML1.1-- 于 2001 年 5 月 31 日发布 。</span> \n</p>\n<p>\n	<span style=\"line-height:2;font-size:14px;\">HTML5.02014 年 10 月 29 日，万维网联盟宣布，经过接近 8 年的艰苦努力，该标准规范终 于制定完成【主流】。</span> \n</p>\n<div>\n	<br />\n</div>\n<strong><span style=\"font-size:16px;line-height:2;\"></span></strong><span style=\"white-space:nowrap;font-size:16px;line-height:2;\"><strong>HTML 的页面结构</strong></span><strong><span style=\"font-size:16px;line-height:2;\"></span></strong> \n<p>\n	<br />\n</p>\n<p>\n	<strong><span style=\"font-size:16px;\"> </span></strong> \n</p>\n<pre class=\"prettyprint lang-html\"><strong>&lt;!DOCTYPE&gt;\n&lt;html&gt;\n&lt;head&gt;&lt;/head&gt;\n&lt;body&gt;\n&lt;h1&gt;这是我的第一个页面&lt;/h1&gt;\n&lt;p&gt;我是一个段落文本。&lt;/p&gt;\n&lt;/body&gt;\n&lt;/html&gt;</strong></pre>\n<span style=\"font-size:14px;background-color:#E56600;color:#FFFFFF;line-height:2;\">总结： 特点：成对出现，有开有闭合，尖括号括住了标签名。结束标签内增加了斜线。 语法：&lt;标签名&gt; 标签内容&lt;/标签名&gt; 第一：标签成对出现。 第二：结束标签内部用/开头。 第三：标签可以嵌套。 注释：用&lt;!-- 注释内容 --&gt;</span> \n<p>\n	<br />\n</p>\n<p>\n	<strong><span style=\"font-size:16px;line-height:2;\">HTML 的常用标签</span></strong> \n</p>\n<p>\n	<span style=\"font-size:14px;\">&lt;!DOCTYPE&gt; 标记位于文档的最前面，用于向浏览器说明当前文档使用哪种 HTML 或 XHTML 标准规范。主要用于浏览器解析文档标签的依据。</span> \n</p>\n<p>\n	<span style=\"font-size:14px;\">&nbsp;&lt;!DOCTYPE</span><span style=\"font-size:14px;\">&gt;</span><span style=\"font-size:14px;\">标记和浏览器的</span><span style=\"font-size:14px;\">兼容性相关，删除&lt;!DOCTYPE&gt;，就是把如何展示 HTML 页 面的权利交给浏览器。</span> \n</p>\n<p>\n	<span style=\"line-height:2;font-size:14px;\">1. html:xt + tab //输出 xhtml 过渡标准&nbsp;</span> \n</p>\n<p>\n	<span style=\"line-height:2;font-size:14px;\">2. html:xs +tab //输出 xhtml 严格标准&nbsp;</span> \n</p>\n<p>\n	<span style=\"line-height:2;font-size:14px;\">3. html:5 + tab</span> \n</p>\n<span style=\"line-height:2;font-size:14px;\">4. ！ + tab</span><br />\n<div>\n	<br />\n</div>\n<span style=\"color:#E53333;\"></span><span style=\"color:#E53333;line-height:2;font-size:14px;\">不需要记住怎么写，只需要记住快捷键怎么快速生成即可。</span><br />\n<p>\n	<strong><span style=\"font-size:16px;line-height:2;\">HTML 标签</span></strong> \n</p>\n<div>\n	<br />\n</div>\n<p>\n	<span style=\"line-height:2;font-size:14px;\">&lt;html&gt;标记位于&lt;!DOCTYPE&gt; 标记之后，也称为根标记，用于告知浏览器其自身是一个 HTML 文档， &lt;html&gt;标记标志着 HTML 文档的开始，&lt;/html&gt;标</span><span style=\"font-size:14px;\">记标志着 HTML 文档的结 束，在他们之间的是文档的头部和主体内容。</span> \n</p>\n<div>\n	<span style=\"line-height:2;font-size:14px;\">如下示例：</span> \n</div>\n<span style=\"line-height:2;font-size:14px;\">&lt;html&gt;</span><br />\n<span style=\"line-height:2;font-size:14px;\"> 所有的标签必须写在 两个闭合标签之间。</span><br />\n<span style=\"line-height:2;font-size:14px;\"> &lt;/html&gt;</span><br />\n<p>\n	<span style=\"white-space:nowrap;line-height:2;font-size:14px;\">可以通过 lang 属性设置当前文档的主要语言是什么，帮助搜索引擎解析文档</span> \n</p>\n<span style=\"line-height:2;font-size:14px;\">&lt;html lang=\"zh-CN\"&gt;&lt;/html&gt; 设置当前文档主要是中文&nbsp;</span> \n<p>\n	<span style=\"line-height:2;font-size:14px;\">&lt;html lang=\"en\"&gt;&lt;/html&gt; 设置英文</span> \n</p>\n<div>\n	<br />\n</div>\n<strong><span style=\"font-size:16px;\"></span></strong><strong><span style=\"font-size:16px;line-height:2;\">head 标签</span></strong><br />\n<div>\n	<br />\n</div>\n<p>\n	<span style=\"line-height:2;font-size:14px;\">&lt;head&gt;标记用于定义 HTML 文档的头部信息，也称为头部标记，紧跟在&lt;html&gt;标记之后。 head 标签定义的内容只是提供给浏览器使用，不用于用户的现。 主要用来封装其他位于文档头部的标记，例如&lt;title&gt;、&lt;meta&gt;、&lt;link&gt;及&lt;style&gt;等，用来描 述文档的标题、作者以及和其他文档的关系等。 一个 HTML 文档只能含有一对&lt;head&gt;标记，绝大多数文档头部包含的数据都不会真正作为 内容显示在页面中。</span> \n</p>\n<div>\n	<br />\n</div>\n<strong><span style=\"font-size:16px;line-height:2;\">meta 标签设置编码</span></strong><br />\n<div>\n	<br />\n</div>\n<span style=\"line-height:2;font-size:14px;\">例子：</span><span style=\"line-height:2;font-size:14px;\">&lt;meta charset=\"UTF-8\"&gt;<br />\n</span><span style=\"white-space:nowrap;line-height:2;font-size:14px;\">UTF-8 则包含全世界大部分国家需要用到的字符； gb2312 简单中文； GBK 包含全部中文字符 繁体 ；BIG5 繁体中文</span><span style=\"line-height:2;font-size:14px;\">；</span> \n<p>\n	<span style=\"line-height:2;\"></span> \n</p>\n<p>\n	<strong><span style=\"font-size:16px;line-height:2;\">body 标签</span></strong> \n</p>\n<p>\n	<span style=\"line-height:2;font-size:14px;\">&lt;body&gt;标记用于定义 HTML 文档所要显示的内容，也称为主体标记。浏览器中显示的所有 文本、图像、音频和视频等信息都必须位于&lt;body&gt;标记内，&lt;body&gt;标记中的信息才是最终 展示给用户看的。 一个 HTML 文档只能含有一对&lt;body&gt;标记， 且&lt;body&gt;标记必须在&lt;html&gt;标记内，位于&lt;head&gt; 头部标</span> \n</p>\n<p>\n	<span style=\"line-height:2;font-size:14px;\">记之后，与&lt;head&gt;标记是并列关系。</span> \n</p>\n<div>\n	<br />\n</div>\n<span style=\"line-height:2;\"> \n<pre class=\"prettyprint lang-html\">&lt;!DOCTYPE html&gt;\n&lt;html lang=\"en\"&gt;\n&lt;head&gt;\n&lt;meta charset=\"UTF-8\"&gt;\n&lt;meta name=\"viewport\" content=\"width=device-width,\ninitial-scale=1.0\"&gt;\n&lt;meta http-equiv=\"X-UA-Compatible\" content=\"ie=edge\"&gt;\n&lt;title&gt;Document&lt;/title&gt;\n&lt;/head&gt;\n&lt;body&gt;\n&lt;h1&gt;web前端入门系列&lt;/h1&gt;\n&lt;hr&gt;\n&lt;/body&gt;\n&lt;/html&gt;</pre>\n</span><span style=\"color:#E53333;line-height:2;font-size:14px;\">注意</span><span style=\"line-height:2;\"><span style=\"font-size:14px;\">：</span><span style=\"font-size:14px;\"> 浏览器解析 HTML 文档中的换行和空格的时候，会把多个连续的空格及连续的换行解析成 一个空格。</span></span><br />\n<div>\n	<br />\n</div>\n<span style=\"white-space:nowrap;font-size:16px;line-height:2;\"><strong>常见的文档标签</strong></span> \n<p>\n	<span style=\"line-height:2;font-size:14px;\">标题标签 h1-h6 一般只用 h1,h2， h3. 一个页面一般只有一个一级标题。多个二级和三级标题。 四级 五级六级很少用到。</span><br />\n<span style=\"line-height:2;font-size:14px;\"> 段落标签：p 注释标签 &lt;!----&gt;， 可以用快捷键 ctrl+/ 快速注释 换行标签 br 水平线标签 hr&nbsp;</span><strong><span style=\"font-size:16px;\"><br />\n<span style=\"line-height:2;\"> 复杂列表标签</span></span></strong> \n</p>\n<p>\n	<strong><span style=\"font-size:16px;\"> </span></strong> \n</p>\n<pre class=\"prettyprint lang-html\"><strong>--无序列表\n&lt;ul&gt;\n&lt;li&gt;关于 我们&lt;/li&gt;\n&lt;li&gt;服务条款&lt;/li&gt;\n&lt;li&gt;帮助中心&lt;/li&gt;\n&lt;/ul&gt;\n\n--有序列表\n&lt;ol&gt;\n&lt;li&gt;北京&lt;/li&gt;\n&lt;li&gt;上海&lt;/li&gt;\n&lt;li&gt;天津&lt;/li&gt;\n&lt;li&gt;重庆&lt;/li&gt;\n&lt;/ol&gt;\n--自定义列表\n&lt;dl&gt;\n&lt;dt&gt;城市&lt;/dt&gt;\n&lt;dd&gt;北京&lt;/dd&gt;\n&lt;dd&gt;上海&lt;/dd&gt;\n&lt;dd&gt;天津&lt;/dd&gt;\n&lt;dt&gt;球类&lt;/dt&gt;\n&lt;dd&gt;足球&lt;/dd&gt;\n&lt;dd&gt;篮球&lt;/dd&gt;\n&lt;dd&gt;排球&lt;/dd&gt;\n&lt;/dl&gt;\n--列表嵌套\n/*列表和列表中可以嵌套。但不能乱嵌套。 Li 中 可以在嵌套其他的子 ul、ol、dl 等。自定义列表中的 dd 也可以嵌套其他 ul 或 dl ol */\n&lt;ul&gt;\n&lt;li&gt;\n&lt;p&gt;山东省&lt;/p&gt;\n&lt;ul&gt;\n&lt;li&gt;济南&lt;/li&gt;\n&lt;li&gt;潍坊&lt;/li&gt;\n&lt;li&gt;青岛&lt;/li&gt;\n&lt;/ul&gt;\n&lt;/li&gt;\n&lt;/ul&gt;\n--表格标签\n/*表格标签：table 行标签： tr 行头： th 单元格： td 表格头部： thead 表格身体：tbody参考，Excel 表格*/\n&lt;table&gt;\n&lt;thead&gt;\n&lt;tr&gt;\n&lt;th&gt;姓名&lt;/th&gt;\n&lt;th&gt;年龄&lt;/th&gt;\n&lt;th&gt;电话&lt;/th&gt;\n&lt;/tr&gt;\n&lt;/thead&gt;\n&lt;tbody&gt;\n&lt;tr&gt;\n&lt;td&gt;老马&lt;/td&gt;\n&lt;td&gt;18&lt;/td&gt;\n&lt;td&gt;18911865673&lt;/td&gt;\n&lt;/tr&gt;\n&lt;tr&gt;\n&lt;td&gt;老马 2&lt;/td&gt;\n&lt;td&gt;182&lt;/td&gt;\n&lt;td&gt;18911865673-2&lt;/td&gt;\n&lt;/tr&gt;\n&lt;/tbody&gt;\n&lt;/table&gt;\n\n--Colspan:table 的属性，横跨列。 Rowspan： table 的属性，横跨行 </strong></pre>\n<p>\n	<strong><span style=\"white-space:nowrap;font-size:16px;line-height:2;\">超级链接标签</span></strong> \n</p>\n<p>\n	<span style=\"font-size:14px;line-height:2;\">超级链接标签：a 标签 a 标签是帮助我们网页进行相互链接跳转的标签。</span> \n</p>\n<p>\n	<span style=\"font-size:14px;line-height:2;\">href 属性，指向跳转的地址 Href ： hypertext reference 两个单词的缩写。</span><br />\n<span style=\"font-size:14px;line-height:2;\"> Href 属性的其他用法：</span> \n</p>\n<p>\n	<span style=\"font-size:14px;line-height:2;\">&nbsp;1、#, 默认跳转到当前页面对应的 id 的位置。 页面上的标签都可以有 id 属性，id 属性的值不能重复。id 代表标签的唯一名字。 可以通过 a 标签的 href 属性，指向#id 名 的地址，可以让页面滚动到对应 id 标签的 浏览器窗口的开始位置。</span><br />\n<span style=\"font-size:14px;line-height:2;\"> 2、JavaScript:0：什么都不操作。target：用于指定链接页面的打开方式，其取值有_self 和_blank 两种，其中_self 为默认 值，_blank 为在新窗口中打开方式。</span> \n</p>\n<div>\n	<strong><br />\n</strong> \n</div>\n<div>\n	<strong> \n<pre class=\"prettyprint lang-html\">&lt;a target=\"_blank\" href=\"http://www.baidu.com\"&gt;百度 2&lt;/a&gt;\n&lt;a target=\"_self\" href=\"http://www.tmall.com\"&gt;天猫 2&lt;/a&gt;\n&lt;a href=\"http://www.sina.com.cn\"&gt;新浪&lt;/a&gt;</pre>\n</strong> \n</div>\n<p>\n	<strong><span style=\"font-size:16px;line-height:2;\">url 协议</span></strong> \n</p>\n<p>\n	<span style=\"line-height:2;\">URL 协议：UniformResourceLocator，统一资源定位符是对可以从互联网上得到的资源的位 置和访问方法的一种简洁的表示，是互联网上标准资源的地址。互联网上的每个文件都 一 个唯一的 URL，它包含的信息指出文件的位置以及浏览器应该怎么处理它。 协议规定格式：scheme://host.domain:port/</span><span style=\"line-height:2;\">path/filename scheme- 定义因特网服务的类型。最常见的类型是 http host- 定义域主机（http&nbsp;的默认主机是 www）。</span> \n</p>\n<p>\n	<span style=\"line-height:2;\">domain- 定义因特网域名，比如 w3school.com.cn&nbsp;</span> \n</p>\n<p>\n	<span style=\"line-height:2;\">port- 定义主机上的端口号（http 的默认端口号是 80）</span> \n</p>\n<p>\n	<span style=\"line-height:2;\">&nbsp;path- 定义服务器上的路径（如果省略，则文档必须位于网站的根目录中）。</span> \n</p>\n<p>\n	<span style=\"line-height:2;\">&nbsp;filename- 定义文档/资源的名称 。</span> \n</p>\n<p>\n	<span style=\"line-height:2;\">常见协议：http、https、ftp、JavaScript 协议等..&nbsp;</span> \n</p>\n<p>\n	<span style=\"line-height:2;\">URL 编码：url 中的非 ASCII 码，转为%ascii 码。</span> \n</p>\n<div>\n	<img src=\"/editorImages/image/20190126/20190126214651_1598873402.png\" alt=\"\" /><br />\n</div>\n<p>\n	<br />\n</p>\n<span style=\"font-size:16px;\"></span><span style=\"font-size:16px;line-height:2;\"><strong>关于路径</strong></span><br />\n<div>\n	<br />\n</div>\n<span style=\"font-size:14px;line-height:2;\">dos 中的 cd 命令就是让当前的命令行进入某个路径下。</span> \n<p>\n	<span style=\"font-size:14px;line-height:2;\">&nbsp;cd 命令格式：cd 路径 “./”表示当前目录； cd ../ 返回上一级菜单（../表示上一级）； cd../../ 返回相对于当前目录的上两级菜单；</span> \n</p>\n<p>\n	<span style=\"font-size:14px;line-height:2;\">&nbsp;cd C:\\Users\\malunmac\\ 直接到 c 盘的一个具</span><span style=\"font-size:14px;line-height:2;\">体位置，这就是绝对路径。</span><span style=\"font-size:14px;line-height:2;\">&nbsp;相对路径： / ../ ../../ 两个文件之间的相对情况</span> \n</p>\n<p>\n	<span style=\"font-size:14px;line-height:2;\">&nbsp;绝对路径: 1、C:\\Users\\ 2、http://www.ruanyifeng.com/blog/2015/12/git-cheat-sheet.html</span> \n</p>\n<strong> \n<p>\n	<br />\n</p>\n<p>\n	<span style=\"font-size:16px;line-height:2;\">图片的类型及特别</span> \n</p>\n<p>\n	<span style=\"font-size:14px;line-height:2;\">&nbsp;</span><span style=\"font-size:14px;line-height:2;\">.jpg 色彩还原高，适合复杂颜色图片，比如 banner  gif 色彩效果最低，支持透明，支持动画，适合颜色比较少，不适合渐变色。</span> \n</p>\n<p>\n	<span style=\"font-size:14px;line-height:2;\">&nbsp;.png PNG 的优点是，清晰，无损压缩，压缩比率很高，可渐变透明，具备几乎所有 GIF 的优点； 缺点是不如 JPG 的颜色丰富，同样的图片体积也比 JPG 略大。 PNG 有着另一个优点，那就是逐次逼近显示(progressive display)：传输图像文件的同时，可 以先把整个轮廓显示出来，然后逐步显示图像的细节，即先显示低分辨率显示图像，从模糊 到清晰，然后逐步提高它的分辨率。这是一个很好的用户体验。&nbsp;</span> \n</p>\n<p>\n	<span style=\"font-size:14px;line-height:2;\">总结： gif 和 png 基本差不多，色彩比较少的直接 gif，如果图片动画用 gif。对色彩要求高的 用 jpg。</span> \n</p>\n<p>\n	<span style=\"color:#333333;line-height:2;\"><span style=\"font-size:16px;line-height:2;\">img 标签</span></span> \n</p>\n<p>\n	<span style=\"color:#333333;\"><span style=\"font-size:16px;\"> </span></span> \n</p>\n<pre class=\"prettyprint lang-html\">&lt;img src=\"./imgs/1.jpg\" border=\"1\" width=\"200\" title=\"这\n鼠标移上去的时候显示的文字\" height=\"200\" alt=\"图片未能加载\"&gt;</pre>\n<span style=\"line-height:2;\"> <span style=\"font-size:16px;\">表单标签</span><br />\n</span></strong>在 HTML 中，&lt;form&gt;&lt;/form&gt;标记被用于定义表单域，即创建一个表单，以实现用户信息 的收集和传递，&lt;form&gt;&lt;/form&gt;中的所有\n<p style=\"display:inline !important;\">\n	内容都会被提交\n</p>\n<p>\n	<strong> </strong> \n</p>\n<p style=\"display:inline !important;\">\n	<strong><span style=\"line-height:2;font-size:14px;\">给服务器。 代码：&nbsp;</span> </strong> \n</p>\n<p>\n	<br />\n</p>\n<p>\n	<b> </b> \n</p>\n<pre class=\"prettyprint lang-html\"><b>&lt;form method=\"post\" action=\"#\"&gt;\n&lt;/form&gt; </b></pre>\n<b> <span style=\"line-height:2;\">Form 表单的两个属性 &nbsp;method 属性用于设置表单数据的提交方式，其取值为 get 或 post。 Action 属性用于指定表单数据提交到后台哪个地址处理，不指定</span></b><b><span style=\"line-height:2;\">默认提交回当前请求的地址。</span></b> \n<p>\n	<br />\n</p>\n<p>\n	<br />\n</p>\n<p>\n	<b><span style=\"font-size:16px;line-height:2;\">input 标签</span> </b> \n</p>\n<p>\n	<b><span style=\"font-size:16px;line-height:2;\"> </span> </b> \n</p>\n<b> \n<pre class=\"prettyprint lang-html\">&lt;input type=\"text\" name=\"txtName\" value=\"\"&gt;</pre>\n<span style=\"line-height:2;\"> 在上面的语法中，&lt;input/&gt;标记为单标记，type 属性为其最基本的属性，其取值有多种， 用于指定不同的控件类型。除了 type 属性之外，&lt;input/&gt;标记还可以定义很多其他的属性， 其常用属性如下表所示</span> \n<p>\n	<br />\n</p>\n<p>\n	<br />\n</p>\n<div>\n	<span style=\"line-height:2;\"><img src=\"/editorImages/image/20190126/20190126220057_836009043.png\" alt=\"\" /></span><br />\n</div>\n<span style=\"line-height:2;\"></span> \n<p>\n	<br />\n</p>\n<span style=\"line-height:2;\"><img src=\"/editorImages/image/20190126/20190126220136_1282004772.png\" alt=\"\" /></span><br />\n</b> \n<p>\n	<br />\n</p>\n<strong> \n<div>\n	<br />\n</div>\n<span style=\"font-size:16px;line-height:2;\">&nbsp;文本域</span><br />\n<p>\n	如果需要输入大量的信息，就需要用到&lt;textarea&gt;&lt;/textarea&gt;标记。通过 textarea 控件可以 轻松地创建多行文本输入框。\n</p>\n<p>\n	<br />\n</p>\n<pre class=\"prettyprint lang-html\">&lt;textarea rows=\"4\" cols=\"20\"&gt;这是文本的内容&lt;/textarea&gt;\n</pre>\n<span style=\"line-height:2;\"> 两个属性： Rows：值是整数，显示多少行，高度。 Cols：值是整数，显示多少列，宽度。</span><br />\n<div>\n	<br />\n</div>\n<span style=\"line-height:2;font-size:16px;\">&nbsp;</span><span style=\"font-size:16px;line-height:2;\">select 控件</span> \n<pre class=\"prettyprint lang-html\">&lt;select&gt;\n&lt;option value=\"1\"&gt;北京&lt;/option&gt;\n&lt;option value=\"2\"&gt;上海&lt;/option&gt;\n&lt;option value=\"3\"&gt;天津&lt;/option&gt;\n&lt;option value=\"4\"&gt;重庆&lt;/option&gt;\n&lt;/select&gt;</pre>\n</strong>在上面的语法中， &lt;select&gt;&lt;/select&gt;标记用于在表单中添加一个下拉菜单， &lt;option&gt;&lt;/option&gt; 用 于 定 义 下 拉 菜 单 中 的 具 体 选 项 ， 每 对 &lt;select&gt;&lt;/select&gt; 中 至 少 应 包 含 一 对 &lt;option&gt;&lt;/option&gt;。<br />\n<strong><span style=\"font-size:16px;line-height:2;\">组合表单标签</span><br />\n<p>\n	&lt;fieldset&gt; 将表单内容的一部分打包，生成一组相关表单的字段。 &lt;legend&gt; 标签为 fieldset 元素定义标题。&nbsp;\n</p>\n<p>\n	<br />\n</p>\n<pre class=\"prettyprint lang-html\">&lt;fieldset&gt;\n&lt;legend&gt;爱好&lt;/legend&gt;\n&lt;input type=\"radio\" name=\"k\" id=\"k1\"&gt;\n&lt;label for=\"k1\"&gt;足球&lt;/label&gt;\n&lt;input type=\"radio\" name=\"k\" id=\"k2\"&gt;\n&lt;label for=\"k2\"&gt;篮球&lt;/label&gt;\n&lt;/fieldset&gt;\n</pre>\n<span style=\"font-size:16px;\"></span><span style=\"font-size:16px;line-height:2;\">内联框架标签<br />\n</span></strong>iframe 标签，元素会创建包含另外一个文档的内联框架（即行内框架）。\n<p>\n	<strong> </strong> \n</p>\n<pre class=\"prettyprint lang-html\"><strong>&lt;iframe src=\"http://www.baidu.com\" frameborder=\"1\"\nwidth=\"400\" height=\"400\"&gt;&lt;/iframe&gt; </strong></pre>\n<p>\n	可以设置高度和宽度（height，width） 去掉边框：frameborder 设置为 0； Src 属性，可以是相对路径或者绝对路径。\n</p>\n<p>\n	<span style=\"font-size:16px;line-height:2;\"><strong>&nbsp;HTML 高级补充</strong></span> \n</p>\n<p>\n	<span style=\"line-height:2;font-size:14px;\">不常用的语义标签</span> \n</p>\n<p>\n	<span style=\"line-height:2;font-size:14px;\">&lt;code&gt; 定义计算机代码。</span> \n</p>\n<p>\n	<span style=\"line-height:2;font-size:14px;\">&nbsp;&lt;var&gt; 定义变量。</span> \n</p>\n<p>\n	<span style=\"line-height:2;font-size:14px;\">&nbsp;&lt;pre&gt; 定义预格式文本。&nbsp;</span> \n</p>\n<p>\n	<span style=\"line-height:2;font-size:14px;\">&lt;abbr&gt; 定义缩写。&nbsp;</span> \n</p>\n<p>\n	<span style=\"line-height:2;font-size:14px;\">&lt;address&gt; 定义地址。&nbsp;</span> \n</p>\n<p>\n	<span style=\"line-height:2;font-size:14px;\">&lt;blockquote&gt; 定义长的引用。</span> \n</p>\n<p>\n	<span style=\"line-height:2;font-size:14px;\">&nbsp;&lt;cite&gt; 定义引用、引证。&nbsp;</span> \n</p>\n<p>\n	<span style=\"line-height:2;font-size:14px;\">&lt;dfn&gt; 定义一个定义项目。</span> \n</p>\n<p>\n	<br />\n</p>\n<pre class=\"prettyprint lang-html\">&lt;code&gt;\nvar t = new Date();\n&lt;/code&gt;\n&lt;p&gt;\n&lt;var&gt;a&lt;/var&gt;是一个变量。\n&lt;/p&gt;\n&lt;pre&gt;\n预先格式化。编辑的时候是什么状态，显示就是什么状态。\nvar t = new Date();\n&lt;/pre&gt;\n&lt;abbr&gt; src &lt;/abbr&gt; is short for resource;\n</pre>\n<strong><span style=\"font-size:16px;line-height:2;\">link 标签</span></strong> \n<p>\n	属于头部标签，需要放到 head 标签中。\n</p>\n<p>\n	&nbsp;引入 DNS 预先解析\n</p>\n<p>\n	&nbsp;dns 预解析(了解)&nbsp;\n</p>\n<p>\n	&lt;linkrel=\"dns-prefetch\"href=\"http://mimg.127.net\"&gt;\n</p>\n<p>\n	&nbsp;引入网站 icon 图标： &lt;linkrel=\"shortcuticon\"href=\"http://www.126.com/favicon.ico\"/&gt;&nbsp;\n</p>\n<p>\n	引入 css 样式: &lt;link rel=\"stylesheet\"href=\"css/bg.css\"&gt;\n</p>\n<div>\n	<strong><span style=\"font-size:16px;line-height:2;\">字符编码实体</span></strong><br />\n	<div>\n		<span style=\"line-height:2;font-size:14px;\">由于网页中需要显示一些特殊的字符，有时候跟 html 的语言有冲突，需要用字符的替代符 也就是编码实体来替换。</span><br />\n		<div>\n			<br />\n		</div>\n<img src=\"/editorImages/image/20190126/20190126221311_1520627811.png\" alt=\"\" /><br />\n	</div>\n<br />\n</div>\n<img src=\"/editorImages/image/20190126/20190126221319_1317201116.png\" alt=\"\" /> \n<p>\n	<br />\n</p>\n<strong><span style=\"font-size:16px;\"></span></strong><strong><span style=\"font-size:16px;line-height:2;\">语义化</span></strong><br />\n<div>\n	<br />\n</div>\n<span style=\"line-height:2;font-size:14px;\">Web 语义化是指使用语义恰当的标签，使页面有良好的结构，页面元素有含义，能够让人 和搜索引擎都容易理解。 标签与语义相结合，尽量不要使用没有语义的标签比如：div、span，尽量使用 p、ul、ol、 table 等标签。 充分利用标签默认的含义 标题标签的选择 h1-h6,th,td,ul,ol,dl,dd,dt,p,em,strong HTML5 的标签语义化更彻底.</span><br />\n<p>\n	<span style=\"font-size:16px;line-height:2;\"><strong>meta 标签与 SEO</strong></span> \n</p>\n<p>\n	每个网页应具有描述该网页内容的一组唯一的关键字。 使用人们可能会搜索，并准确描述网页上所提供信息的描述性和代表性关键字及短语。标记 内容太短，则搜索引擎可能不会认为这些内容相关。另外标记不应超过 874 个字符。&nbsp;\n</p>\n页面描述：每个网页都应有一个不超过 150 个字符且能准确反映网页内容的描述标签。&nbsp;<br />\n<p>\n	&nbsp;搜索引擎索引方式 ：robotterms 是一组使用逗号(,)分割的值，通常有如下几种取值： none， noindex， nofollow， all，index 和 follow 确保正确使用 nofollow 和 noindex 属性值。&nbsp;\n</p>\n<p>\n	<br />\n</p>\n<p>\n	<strong><span style=\"font-size:16px;\"><span style=\"line-height:2;\">Meta 标签的其他补充</span><br />\n</span></strong><span style=\"line-height:2;font-size:14px;\">面重定向和刷新：content 内的数字代表时间（秒），既多少时间后刷新。如果加 url,则会重定向到指定网页（搜索引擎能够自动检测，也很容易被引擎视作</span><span style=\"font-size:14px;\">误导而受到 惩罚）。&nbsp;</span> \n</p>\n<p>\n	<strong> </strong> \n</p>\n<div>\n	<strong><br />\n</strong> \n</div>\n<strong> \n<pre class=\"prettyprint lang-html\">&lt;meta http-equiv=\"refresh\" content=\"1;url=\" /&gt;\n--优先使用 edge 和 chrome 浏览器 \n&lt;meta http-equiv=\"X-UA-Compatible\" content=\"IE=edge,chrome=1\" /&gt; &lt;meta http-equiv=\"X-UA-Compatible\" content=\"IE=8\" &gt;&lt;!-- 使用 IE8 --&gt;\n--禁用本地缓存 \n&lt;meta http-equiv=\"Pragma\" content=\"no-cache\"&gt;</pre>\n</strong> \n<p>\n	<br />\n</p>\n<strong> \n<p>\n	<span style=\"font-size:16px;line-height:2;\">HTML5 新增标签</span> \n</p>\n<p>\n	Div 没有具体的语义，通过 div 布局的页面，无法知道具体的模块和语义，只能通过 id 或者 class 来 进 行 推 断 。 有 了 HTML5 的 新 的 结 构 语 义 标签，效果得到了改善。&nbsp;\n</p>\n</strong>Div 标签没有真实的语义，所以很难从结构标签上区分，不利于搜索引擎优化和特殊阅读。 兼容问题处理： 新标签只兼容 IE9 及以上浏览器。 Html5shiv.js 兼容 IE8\n<div>\n	<strong><br />\n</strong> \n</div>\n<table style=\"width:50%;background-color:#FF9900;\" cellpadding=\"2\" cellspacing=\"0\" border=\"1\" bordercolor=\"#000000\">\n	<tbody>\n		<tr>\n			<td>\n				<span style=\"white-space:nowrap;line-height:2;\">标签</span><br />\n			</td>\n			<td>\n				<span style=\"white-space:nowrap;line-height:2;\">语义</span><br />\n			</td>\n		</tr>\n		<tr>\n			<td>\n				<span style=\"white-space:nowrap;line-height:2;\">&lt;nav&gt;</span><br />\n			</td>\n			<td>\n				<span style=\"white-space:nowrap;line-height:2;\">导航</span><br />\n			</td>\n		</tr>\n		<tr>\n			<td>\n				<span style=\"white-space:nowrap;line-height:2;\">&lt;header&gt;</span><br />\n			</td>\n			<td>\n				<span style=\"white-space:nowrap;line-height:2;\">页眉</span><br />\n			</td>\n		</tr>\n		<tr>\n			<td>\n				<span style=\"white-space:nowrap;line-height:2;\">&lt;footer&gt;</span><br />\n			</td>\n			<td>\n				<span style=\"white-space:nowrap;line-height:2;\">页脚</span><br />\n			</td>\n		</tr>\n		<tr>\n			<td>\n				<span style=\"white-space:nowrap;line-height:2;\">&lt;section&gt;</span><br />\n			</td>\n			<td>\n				<span style=\"white-space:nowrap;line-height:2;\">区块</span><br />\n			</td>\n		</tr>\n		<tr>\n			<td>\n				<span style=\"white-space:nowrap;line-height:2;\">&lt;article&gt;</span><br />\n			</td>\n			<td>\n				<span style=\"white-space:nowrap;line-height:2;\">文章</span><br />\n			</td>\n		</tr>\n		<tr>\n			<td>\n				<span style=\"white-space:nowrap;line-height:2;\"><span style=\"white-space:nowrap;line-height:2;\">&lt;aside&gt;&nbsp;</span></span><br />\n			</td>\n			<td>\n				<span style=\"line-height:2;\">ce\'bia</span><br />\n			</td>\n		</tr>\n	</tbody>\n</table>\n<span style=\"font-size:16px;line-height:2;\"><strong>HTML5 新增智能表单标签</strong></span><br />\n<div>\n</div>\n<table style=\"width:60%;background-color:#FF9900;\" cellpadding=\"2\" cellspacing=\"0\" border=\"1\" bordercolor=\"#FFFFFF\">\n	<tbody>\n		<tr>\n			<td>\n				<span style=\"white-space:nowrap;line-height:2;\">类型</span><br />\n			</td>\n			<td>\n				<span style=\"white-space:nowrap;line-height:2;\">使用示例</span><br />\n			</td>\n			<td>\n				<span style=\"line-height:2;\">&nbsp;含义</span> \n			</td>\n		</tr>\n		<tr>\n			<td>\n				<span style=\"line-height:2;\">&nbsp;</span><span style=\"white-space:nowrap;line-height:2;\">email</span><br />\n			</td>\n			<td>\n				<span style=\"white-space:nowrap;line-height:2;\">&lt;inputtype=\"email\"&gt;</span><br />\n			</td>\n			<td>\n				<span style=\"white-space:nowrap;line-height:2;\">输入邮箱格式</span><br />\n			</td>\n		</tr>\n		<tr>\n			<td>\n				<span style=\"white-space:nowrap;line-height:2;\">tel</span><br />\n			</td>\n			<td>\n				<span style=\"white-space:nowrap;line-height:2;\">&lt;inputtype=\"tel\"&gt;</span><br />\n			</td>\n			<td>\n				<span style=\"line-height:2;\">输入手机号码格式</span> \n			</td>\n		</tr>\n		<tr>\n			<td>\n				<span style=\"white-space:nowrap;line-height:2;\">url</span><br />\n			</td>\n			<td>\n				<span style=\"white-space:nowrap;line-height:2;\">&lt;inputtype=\"url\"&gt;</span><br />\n			</td>\n			<td>\n				<span style=\"white-space:nowrap;line-height:2;\">输入 url 格式</span><br />\n			</td>\n		</tr>\n		<tr>\n			<td>\n				<span style=\"white-space:nowrap;line-height:2;\">number</span><br />\n			</td>\n			<td>\n				<span style=\"white-space:nowrap;line-height:2;\">&lt;inputtype=\"number\"&gt;</span><br />\n			</td>\n			<td>\n				<span style=\"line-height:2;\">输入数字格式</span> \n			</td>\n		</tr>\n		<tr>\n			<td>\n				<span style=\"white-space:nowrap;line-height:2;\">search</span><br />\n			</td>\n			<td>\n				<span style=\"white-space:nowrap;line-height:2;\">&lt;inputtype=\"search\"&gt;</span><br />\n			</td>\n			<td>\n				<span style=\"line-height:2;\">搜索框（体现语义化）</span> \n			</td>\n		</tr>\n		<tr>\n			<td>\n				<span style=\"white-space:nowrap;line-height:2;\">range</span><br />\n			</td>\n			<td>\n				<span style=\"white-space:nowrap;line-height:2;\">&lt;inputtype=\"range\"&gt;</span><br />\n			</td>\n			<td>\n				<span style=\"white-space:nowrap;line-height:2;\">自由拖动滑块</span><br />\n			</td>\n		</tr>\n		<tr>\n			<td>\n				<span style=\"white-space:nowrap;line-height:2;\">color</span><br />\n			</td>\n			<td>\n				<span style=\"white-space:nowrap;line-height:2;\">&lt;inputtype=\"color\"&gt;&nbsp;</span><br />\n			</td>\n			<td>\n				<span style=\"white-space:nowrap;line-height:2;\">拾色器</span><br />\n			</td>\n		</tr>\n		<tr>\n			<td>\n				<span style=\"white-space:nowrap;line-height:2;\">time</span><br />\n			</td>\n			<td>\n				<span style=\"white-space:nowrap;line-height:2;\">&lt;inputtype=\"time\"&gt;</span><br />\n			</td>\n			<td>\n				<br />\n			</td>\n		</tr>\n		<tr>\n			<td>\n				<span style=\"white-space:nowrap;line-height:2;\">date</span><br />\n			</td>\n			<td>\n				<span style=\"white-space:nowrap;line-height:2;\">&lt;inputtype=\"date\"&gt;</span><br />\n			</td>\n			<td>\n				<br />\n			</td>\n		</tr>\n		<tr>\n			<td>\n				<span style=\"white-space:nowrap;line-height:2;\">datetime</span><br />\n			</td>\n			<td>\n				<span style=\"line-height:2;\">&lt;inputtype=\"datetime\"&gt;</span> \n			</td>\n			<td>\n				<br />\n			</td>\n		</tr>\n		<tr>\n			<td>\n				<span style=\"white-space:nowrap;line-height:2;\">month</span><br />\n			</td>\n			<td>\n				<span style=\"white-space:nowrap;line-height:2;\">&lt;inputtype=\"month\"&gt;</span><br />\n			</td>\n			<td>\n				<br />\n			</td>\n		</tr>\n		<tr>\n			<td>\n				<span style=\"white-space:nowrap;line-height:2;\">week</span><br />\n			</td>\n			<td>\n				<span style=\"white-space:nowrap;line-height:2;\">&lt;inputtype=\"week\"&gt;</span><br />\n			</td>\n			<td>\n				<br />\n			</td>\n		</tr>\n	</tbody>\n</table>\n<br />\n<strong><span style=\"font-size:16px;line-height:2;\">&nbsp;新增多媒体标签</span></strong><br />\n<div>\n	<span style=\"line-height:2;font-size:14px;\">HTML5 通过&lt;audio&gt;标签来解决音频播放的问题，</span><span style=\"white-space:nowrap;line-height:2;font-size:14px;\">并且可以通过附加属性可以更友好控制音频的播放&nbsp;<br />\n</span><span style=\"line-height:2;\"></span><span style=\"white-space:nowrap;\"><span style=\"line-height:2;font-size:14px;\">&nbsp;autoplay 自动播放； </span><span style=\"line-height:2;font-size:14px;\">&nbsp;controls 是否显不默认播放控件； </span><span style=\"line-height:2;font-size:14px;\">&nbsp;loop 循环播放</span></span><span style=\"line-height:2;font-size:14px;\">；</span> \n</div>\n<pre class=\"prettyprint lang-html\">&lt;audio src=\"./assets/b.mp3\" controls autoplay&gt;\n浏览器不支持 HTML5 的音乐播放器\n&lt;/audio&gt;\n</pre>\n<strong><span style=\"font-size:16px;line-height:2;\">&nbsp;HTML5 通过&lt;video&gt;标签来解决音频播放的问题</span></strong><br />\n<p>\n	<span style=\"white-space:nowrap;line-height:2;font-size:14px;\">通过附加属性可以更友好的控制视频的播放</span> \n</p>\n<p>\n	<span style=\"white-space:nowrap;\"><span style=\"line-height:2;font-size:14px;\">autoplay 自动播放 ；</span></span> \n</p>\n<p>\n	<span style=\"white-space:nowrap;\"><span style=\"line-height:2;font-size:14px;\">controls 是否显示默认播放控件；&nbsp;</span></span> \n</p>\n<p>\n	<span style=\"white-space:nowrap;\"><span style=\"line-height:2;font-size:14px;\">&nbsp;loop 循环播放 ；</span></span> \n</p>\n<p>\n	<span style=\"white-space:nowrap;\"><span style=\"line-height:2;font-size:14px;\">width 设置播放窗口宽度；</span></span> \n</p>\n<p>\n	<span style=\"white-space:nowrap;\"><span style=\"line-height:2;font-size:14px;\">&nbsp;</span><span style=\"line-height:2;font-size:14px;\">height 设置播放窗口的高度；</span></span> \n</p>\n<pre class=\"prettyprint lang-html\">&lt;audio controls&gt;\n&lt;source src=\"./assets/b.mp3\"&gt;\n&lt;source src=\"./assets/c.mp3\"&gt;\n&lt;source src=\"./assets/d.mp3\"&gt;\n&lt;/audio&gt;</pre>\n<p>\n	最后来张总结的结构图：\n</p>\n<p>\n	<img src=\"/editorImages/image/20190127/20190127120338_1566013153.jpg\" alt=\"\" /> \n</p>', 0, '2021-01-12 23:01:53', '2019-01-26 21:26:04', NULL);
INSERT INTO `cms_article` VALUES (145, 4, b'0', 1032, '测试数量的法拉利分类4444', NULL, '测试数量的法拉利分类4434', 'mhg', '一起牛', b'0', '', 'aa', NULL, NULL, b'1', b'0', b'0', b'1', '测试数量的法拉利分类44434', '测试数量的法拉利分类44434', '<p><img src=\"http://imgs.fenfenlg.com//article/FEFF123DB09C2A7163072A37AA62D1C5.jpg\" alt=\"\" width=\"653\" height=\"450\" /></p>\n<p>测试数量的法拉利分类554555</p>', 0, NULL, '2021-03-21 21:54:03', NULL);

-- ----------------------------
-- Table structure for cms_column
-- ----------------------------
DROP TABLE IF EXISTS `cms_column`;
CREATE TABLE `cms_column`  (
  `Id` int(11) UNSIGNED NOT NULL AUTO_INCREMENT COMMENT '主键',
  `TenantId` int(10) NULL DEFAULT 0 COMMENT '租户Id',
  `IsDeleted` bit(1) NULL DEFAULT b'0' COMMENT '是否启用',
  `Title` varchar(50) CHARACTER SET utf8 COLLATE utf8_general_ci NOT NULL COMMENT '栏目标题',
  `EnTitle` varchar(50) CHARACTER SET utf8 COLLATE utf8_general_ci NULL DEFAULT NULL COMMENT '英文栏位名称',
  `SubTitle` varchar(50) CHARACTER SET utf8 COLLATE utf8_general_ci NULL DEFAULT NULL COMMENT '栏位副标题',
  `ParentId` int(11) NOT NULL DEFAULT 0 COMMENT '父栏目',
  `ParentList` varchar(255) CHARACTER SET utf8 COLLATE utf8_general_ci NULL DEFAULT NULL,
  `Layer` int(11) NOT NULL DEFAULT 0 COMMENT '栏位等级',
  `Attr` varchar(20) CHARACTER SET utf8 COLLATE utf8_general_ci NULL DEFAULT NULL COMMENT '栏位属性',
  `ImgUrl` varchar(255) CHARACTER SET utf8 COLLATE utf8_general_ci NULL DEFAULT NULL COMMENT '栏位图片',
  `Keyword` varchar(100) CHARACTER SET utf8 COLLATE utf8_general_ci NULL DEFAULT '' COMMENT '关键词',
  `Summary` varchar(500) CHARACTER SET utf8 COLLATE utf8_general_ci NULL DEFAULT NULL COMMENT '描述',
  `ModifyTime` datetime(0) NULL DEFAULT NULL COMMENT '修改时间',
  `CreateTime` datetime(0) NULL DEFAULT NULL COMMENT '创建时间',
  `DeleteTime` datetime(0) NULL DEFAULT NULL COMMENT '删除时间',
  PRIMARY KEY (`Id`) USING BTREE
) ENGINE = MyISAM AUTO_INCREMENT = 1054 CHARACTER SET = utf8 COLLATE = utf8_general_ci COMMENT = '内容栏目表' ROW_FORMAT = Dynamic;

-- ----------------------------
-- Records of cms_column
-- ----------------------------
INSERT INTO `cms_column` VALUES (1024, 1, b'0', '技术支持', 'support', NULL, 1016, NULL, 1, NULL, NULL, NULL, NULL, '2018-12-15 18:02:05', NULL, NULL);
INSERT INTO `cms_column` VALUES (1052, 1, b'0', '后端开发', 'program', '后端开发', 1029, '1052,', 2, NULL, NULL, '后端开发', '后端开发', '2021-08-03 15:53:15', '2021-04-20 19:22:48', NULL);
INSERT INTO `cms_column` VALUES (1028, 1, b'0', '数据库', 'database', '数据库技术_火虫网', 1029, NULL, 2, NULL, NULL, '数据库基础,数据库优化,数据库知识,数据库学习', '火虫数据库栏目,汇聚了sqlserver,mysql, postgresql等众多内容,为大家选择优质的数据库信息,让大家的编程技术更加炉火纯青。', '2021-04-20 19:07:21', '2021-08-03 15:53:09', NULL);
INSERT INTO `cms_column` VALUES (1029, 1, b'0', '技术杂谈', 'biancheng', '技术杂谈_火虫网', 0, NULL, 1, NULL, NULL, '后端学习,后端开发,后端教程,后端工程', '火虫网后端开发栏目汇聚了.net、.netcore、C#、windows服务、linux等众多内容,为大家选择优质的编程知识,让大家的编程技术更加炉火纯青。…', '2021-04-20 16:45:41', '2021-08-03 15:53:04', NULL);
INSERT INTO `cms_column` VALUES (1030, 1, b'0', '资源分享', 'source', '资源分享_火虫网', 0, NULL, 1, NULL, '', '生活经验，生活感悟,生活常识,生活娱乐', '火虫网资源分享栏目,汇聚了生活休闲、经验、感悟、娱乐等众多内容，为大家选择优质的资源信息,让生活更丰富更美好。…', '2019-09-24 22:47:39', '2021-08-03 15:53:12', NULL);
INSERT INTO `cms_column` VALUES (1031, 1, b'0', 'web前端', 'web', 'web前端_火虫网', 1029, NULL, 2, NULL, NULL, '前端教程,前端工程,前端学习,HTML5,css3,html,javascript,jquery', '火虫web前端栏目,汇聚了HTML5,css3,html,jquery,javascript,layui等众多内容,为大家选择优质的web前端信息,让大家的编程技术更加炉火纯青。…', '2021-04-20 19:08:43', '2021-08-03 15:53:01', NULL);
INSERT INTO `cms_column` VALUES (1032, 1, b'0', '心得体会', 'news', '心得体会_火虫网', 0, NULL, 1, NULL, NULL, '行业资讯,编程资讯,IT热点,IT资讯,IT编程资讯', '火虫网行业资讯栏目,汇聚了编程领域,运维领域,微软科技等众多内容,为大家选择优质的行业资讯,最新信息最先知晓。', '2021-04-20 16:27:27', '2021-04-20 16:27:27', NULL);
INSERT INTO `cms_column` VALUES (1050, 4, b'0', '测试多租户', 'sdsdds', 'dsdds', 1031, '1050,', 2, NULL, NULL, 'sddsd', 'sdsdds', '2021-03-30 22:12:25', '2021-03-30 19:06:19', NULL);
INSERT INTO `cms_column` VALUES (1051, 4, b'0', '54545454', 'ddd', 'dsdd', 1032, '1051,', 2, NULL, NULL, 'dsfd', 'ddffds', '2021-03-30 22:34:48', '2021-03-30 22:32:54', NULL);

-- ----------------------------
-- Table structure for cms_keyword
-- ----------------------------
DROP TABLE IF EXISTS `cms_keyword`;
CREATE TABLE `cms_keyword`  (
  `Id` int(11) NOT NULL AUTO_INCREMENT COMMENT '主键',
  `TenantId` int(11) NULL DEFAULT NULL COMMENT '租户Id',
  `Title` varchar(250) CHARACTER SET utf8 COLLATE utf8_general_ci NULL DEFAULT NULL COMMENT '标题',
  `Url` varchar(300) CHARACTER SET utf8 COLLATE utf8_general_ci NULL DEFAULT '' COMMENT 'Url',
  `CreateTime` datetime(0) NULL DEFAULT NULL COMMENT '创建时间',
  `ModifyTime` datetime(0) NULL DEFAULT NULL COMMENT '修改时间',
  `IsDeleted` bit(1) NULL DEFAULT b'0' COMMENT '是否伪删除',
  `DeleteTime` datetime(0) NULL DEFAULT NULL COMMENT '删除时间',
  PRIMARY KEY (`Id`) USING BTREE
) ENGINE = InnoDB AUTO_INCREMENT = 30 CHARACTER SET = utf8 COLLATE = utf8_general_ci COMMENT = '内链匹配关键字表' ROW_FORMAT = Dynamic;

-- ----------------------------
-- Records of cms_keyword
-- ----------------------------
INSERT INTO `cms_keyword` VALUES (2, 1, 'string修改', 'https://localhost:44377/index.html#/Keyword/Modify', '0001-01-01 00:00:00', '2021-03-31 12:06:35', b'1', NULL);
INSERT INTO `cms_keyword` VALUES (5, 1, 'ceshioooooo', 'http://localhost:5475663/index#/cms/keyword', '2021-04-06 14:15:37', '2021-08-03 16:00:35', b'1', NULL);
INSERT INTO `cms_keyword` VALUES (7, 1, '给发个规范化风格化', 'http://localhost:54753/index#/cms/keyword', '2021-04-06 15:00:09', NULL, b'0', NULL);
INSERT INTO `cms_keyword` VALUES (8, 1, '测试', 'http://localhost:54753/index#/cms/keyword', '2021-07-13 15:35:30', NULL, b'0', NULL);
INSERT INTO `cms_keyword` VALUES (9, 1, '哈哈', 'https://localhost:5001/shennius-master.html#//cms/keyword/index', '2022-05-06 22:31:38', NULL, b'0', NULL);
INSERT INTO `cms_keyword` VALUES (10, 1, '2222', 'https://localhost:5001/shennius-master.html#//cms/keyword/index', '2022-05-06 22:31:38', NULL, b'0', '2022-12-16 14:57:38');
INSERT INTO `cms_keyword` VALUES (11, 1, '33333', 'https://localhost:5001/shennius-master.html#//cms/keyword/index', '2022-05-06 22:31:38', NULL, b'1', '2022-12-16 14:57:38');
INSERT INTO `cms_keyword` VALUES (12, 1, '哈哈', 'https://localhost:5001/shennius-master.html#//cms/keyword/index', '2022-05-06 22:33:02', NULL, b'1', '2022-12-16 14:57:38');
INSERT INTO `cms_keyword` VALUES (13, 1, '2222', 'https://localhost:5001/shennius-master.html#//cms/keyword/index', '2022-05-06 22:33:15', NULL, b'1', '2022-12-16 14:57:38');
INSERT INTO `cms_keyword` VALUES (14, 1, '33333', 'https://localhost:5001/shennius-master.html#//cms/keyword/index', '2022-05-06 22:33:18', NULL, b'1', '2022-12-16 14:57:38');
INSERT INTO `cms_keyword` VALUES (15, 1, '哈哈', 'https://localhost:5001/shennius-master.html#//cms/keyword/index', '2022-05-06 22:36:18', NULL, b'1', '2022-12-16 14:57:38');
INSERT INTO `cms_keyword` VALUES (16, 1, '2222', 'https://localhost:5001/shennius-master.html#//cms/keyword/index', '2022-05-06 22:36:18', NULL, b'0', NULL);
INSERT INTO `cms_keyword` VALUES (17, 1, '33333', 'https://localhost:5001/shennius-master.html#//cms/keyword/index', '2022-05-06 22:36:18', NULL, b'0', NULL);
INSERT INTO `cms_keyword` VALUES (18, 1, '哈哈', 'https://localhost:5001/shennius-master.html#//cms/keyword/index', '2022-05-06 22:39:24', NULL, b'0', NULL);
INSERT INTO `cms_keyword` VALUES (19, 1, '2222', 'https://localhost:5001/shennius-master.html#//cms/keyword/index', '2022-05-06 22:39:24', NULL, b'0', NULL);
INSERT INTO `cms_keyword` VALUES (20, 1, '33333', 'https://localhost:5001/shennius-master.html#//cms/keyword/index', '2022-05-06 22:39:24', NULL, b'0', NULL);
INSERT INTO `cms_keyword` VALUES (21, 1, '哈哈', 'https://localhost:5001/shennius-master.html#//cms/keyword/index', '2022-05-06 22:39:36', NULL, b'0', NULL);
INSERT INTO `cms_keyword` VALUES (22, 1, '2222', 'https://localhost:5001/shennius-master.html#//cms/keyword/index', '2022-05-06 22:39:36', NULL, b'0', NULL);
INSERT INTO `cms_keyword` VALUES (23, 1, '33333', 'https://localhost:5001/shennius-master.html#//cms/keyword/index', '2022-05-06 22:39:36', NULL, b'0', NULL);
INSERT INTO `cms_keyword` VALUES (25, 1, '2222', 'https://localhost:5001/shennius-master.html#//cms/keyword/index', '2022-05-06 22:40:06', NULL, b'1', '2022-12-16 14:51:59');
INSERT INTO `cms_keyword` VALUES (26, 1, '33333', 'https://localhost:5001/shennius-master.html#//cms/keyword/index', '2022-05-06 22:40:06', NULL, b'1', '2022-12-16 14:51:59');
INSERT INTO `cms_keyword` VALUES (27, 1, '哈哈', 'https://localhost:5001/shennius-master.html#//cms/keyword/index', '2022-05-06 22:40:18', NULL, b'1', '2022-12-16 14:51:59');
INSERT INTO `cms_keyword` VALUES (28, 1, '2222', 'https://localhost:5001/shennius-master.html#//cms/keyword/index', '2022-05-06 22:40:18', NULL, b'1', '2022-12-16 14:51:30');
INSERT INTO `cms_keyword` VALUES (29, 1, '33333', 'https://localhost:5001/shennius-master.html#//cms/keyword/index', '2022-05-06 22:40:18', NULL, b'1', '2022-06-05 17:20:38');

-- ----------------------------
-- Table structure for cms_message
-- ----------------------------
DROP TABLE IF EXISTS `cms_message`;
CREATE TABLE `cms_message`  (
  `Id` int(11) NOT NULL AUTO_INCREMENT COMMENT '主键',
  `Types` varchar(11) CHARACTER SET utf8 COLLATE utf8_general_ci NOT NULL DEFAULT '0' COMMENT '业务类型',
  `Email` varchar(255) CHARACTER SET utf8 COLLATE utf8_general_ci NULL DEFAULT NULL COMMENT '联系邮箱',
  `IsDeleted` bit(1) NOT NULL DEFAULT b'0' COMMENT '状态',
  `Content` text CHARACTER SET utf8 COLLATE utf8_general_ci NULL COMMENT '内容',
  `UserId` int(11) NOT NULL DEFAULT 0 COMMENT '用户ID',
  `UserName` varchar(50) CHARACTER SET utf8 COLLATE utf8_general_ci NULL DEFAULT NULL COMMENT '用户名称',
  `IP` varchar(50) CHARACTER SET utf8 COLLATE utf8_general_ci NULL DEFAULT NULL COMMENT 'IP地址',
  `ParentId` int(11) NOT NULL DEFAULT 0 COMMENT '父ID',
  `CreateTime` datetime(0) NULL DEFAULT NULL COMMENT '添加时间',
  `TenantId` int(11) NULL DEFAULT NULL COMMENT '租户Id',
  `BusinessId` int(11) NULL DEFAULT NULL COMMENT '业务Id和types一起使用',
  `Address` varchar(150) CHARACTER SET utf8 COLLATE utf8_general_ci NULL DEFAULT NULL COMMENT '地址',
  `ModifyTime` datetime(0) NULL DEFAULT NULL COMMENT '修改时间',
  `DeleteTime` datetime(0) NULL DEFAULT NULL COMMENT '删除时间',
  PRIMARY KEY (`Id`) USING BTREE
) ENGINE = MyISAM AUTO_INCREMENT = 24 CHARACTER SET = utf8 COLLATE = utf8_general_ci COMMENT = '留言表' ROW_FORMAT = Dynamic;

-- ----------------------------
-- Table structure for shop_appuser
-- ----------------------------
DROP TABLE IF EXISTS `shop_appuser`;
CREATE TABLE `shop_appuser`  (
  `Id` int(11) UNSIGNED NOT NULL AUTO_INCREMENT COMMENT '主键',
  `OpenId` varchar(255) CHARACTER SET utf8 COLLATE utf8_general_ci NOT NULL DEFAULT '' COMMENT '微信openid(唯一标示)',
  `NickName` varchar(255) CHARACTER SET utf8 COLLATE utf8_general_ci NOT NULL DEFAULT '' COMMENT '微信昵称',
  `AvatarUrl` varchar(255) CHARACTER SET utf8 COLLATE utf8_general_ci NOT NULL DEFAULT '' COMMENT '微信头像',
  `Gender` tinyint(3) UNSIGNED NOT NULL DEFAULT 0 COMMENT '性别',
  `Country` varchar(50) CHARACTER SET utf8 COLLATE utf8_general_ci NOT NULL DEFAULT '' COMMENT '国家',
  `Province` varchar(50) CHARACTER SET utf8 COLLATE utf8_general_ci NOT NULL DEFAULT '' COMMENT '省份',
  `City` varchar(50) CHARACTER SET utf8 COLLATE utf8_general_ci NOT NULL DEFAULT '' COMMENT '城市',
  `AddressId` int(11) UNSIGNED NOT NULL DEFAULT 0 COMMENT '默认收货地址Id',
  `TenantId` int(11) UNSIGNED NOT NULL DEFAULT 0 COMMENT '租户Id',
  `CreateTime` datetime(0) NOT NULL COMMENT '创建时间',
  `ModifyTime` datetime(0) NULL DEFAULT NULL COMMENT '更新时间',
  `IsDeleted` bit(1) NOT NULL DEFAULT b'0' COMMENT '状态',
  `DeleteTime` datetime(0) NULL DEFAULT NULL,
  PRIMARY KEY (`Id`) USING BTREE,
  INDEX `openid`(`OpenId`) USING BTREE
) ENGINE = InnoDB AUTO_INCREMENT = 1 CHARACTER SET = utf8 COLLATE = utf8_general_ci COMMENT = '商城用户表' ROW_FORMAT = Dynamic;

-- ----------------------------
-- Table structure for shop_appuser_address
-- ----------------------------
DROP TABLE IF EXISTS `shop_appuser_address`;
CREATE TABLE `shop_appuser_address`  (
  `Id` int(11) UNSIGNED NOT NULL AUTO_INCREMENT COMMENT '主键',
  `Name` varchar(30) CHARACTER SET utf8 COLLATE utf8_general_ci NOT NULL DEFAULT '' COMMENT '收货人姓名',
  `Phone` varchar(20) CHARACTER SET utf8 COLLATE utf8_general_ci NOT NULL DEFAULT '' COMMENT '联系电话',
  `Province` varchar(50) CHARACTER SET utf8 COLLATE utf8_general_ci NOT NULL DEFAULT '0' COMMENT '所在省份id',
  `City` varchar(50) CHARACTER SET utf8 COLLATE utf8_general_ci NOT NULL DEFAULT '0' COMMENT '所在城市id',
  `Region` varchar(50) CHARACTER SET utf8 COLLATE utf8_general_ci NOT NULL DEFAULT '0' COMMENT '所在区id',
  `Detail` varchar(255) CHARACTER SET utf8 COLLATE utf8_general_ci NOT NULL DEFAULT '' COMMENT '详细地址',
  `AppUserId` int(11) UNSIGNED NOT NULL DEFAULT 0 COMMENT '小程序用户id',
  `TenantId` int(11) UNSIGNED NOT NULL DEFAULT 0 COMMENT '租户Id',
  `CreateTime` datetime(0) NOT NULL COMMENT '创建时间',
  `ModifyTime` datetime(0) NOT NULL COMMENT '更新时间',
  `IsDeleted` bit(1) NOT NULL DEFAULT b'0' COMMENT '状态',
  `DeleteTime` datetime(0) NULL DEFAULT NULL,
  PRIMARY KEY (`Id`) USING BTREE
) ENGINE = InnoDB AUTO_INCREMENT = 1 CHARACTER SET = utf8 COLLATE = utf8_general_ci COMMENT = '商城用户地址表' ROW_FORMAT = Dynamic;

-- ----------------------------
-- Table structure for shop_category
-- ----------------------------
DROP TABLE IF EXISTS `shop_category`;
CREATE TABLE `shop_category`  (
  `Id` int(11) UNSIGNED NOT NULL AUTO_INCREMENT COMMENT '主键',
  `Name` varchar(50) CHARACTER SET utf8 COLLATE utf8_general_ci NOT NULL DEFAULT '' COMMENT '分类名称',
  `ParentId` int(11) UNSIGNED NOT NULL DEFAULT 0 COMMENT '上级分类id',
  `IconSrc` varchar(11) CHARACTER SET utf8 COLLATE utf8_general_ci NULL DEFAULT '0' COMMENT '图标地址',
  `TenantId` int(11) UNSIGNED NOT NULL DEFAULT 0 COMMENT '小程序租户Id',
  `CreateTime` datetime(0) NOT NULL COMMENT '创建时间',
  `ModifyTime` datetime(0) NULL DEFAULT NULL COMMENT '更新时间',
  `IsDeleted` bit(1) NOT NULL DEFAULT b'0' COMMENT '是否伪删除状态',
  `Layer` int(11) NULL DEFAULT NULL COMMENT '层级',
  `ParentList` varchar(255) CHARACTER SET utf8 COLLATE utf8_general_ci NULL DEFAULT NULL COMMENT '父元素集合',
  `DeleteTime` datetime(0) NULL DEFAULT NULL,
  PRIMARY KEY (`Id`) USING BTREE
) ENGINE = InnoDB AUTO_INCREMENT = 5 CHARACTER SET = utf8 COLLATE = utf8_general_ci COMMENT = '商品分类表' ROW_FORMAT = Dynamic;

-- ----------------------------
-- Records of shop_category
-- ----------------------------
INSERT INTO `shop_category` VALUES (1, '科技', 0, NULL, 1, '0001-01-01 00:00:00', NULL, b'0', 1, ',1,', NULL);
INSERT INTO `shop_category` VALUES (2, '美食', 0, NULL, 1, '2021-08-17 11:57:34', NULL, b'0', 1, ',2,', NULL);
INSERT INTO `shop_category` VALUES (3, '麻辣烫', 2, NULL, 1, '2021-08-17 12:06:27', NULL, b'0', 2, ',2,3,', NULL);
INSERT INTO `shop_category` VALUES (4, '刀削面', 2, NULL, 1, '2022-01-21 22:48:28', NULL, b'0', 2, ',2,4,', NULL);

-- ----------------------------
-- Table structure for shop_goods
-- ----------------------------
DROP TABLE IF EXISTS `shop_goods`;
CREATE TABLE `shop_goods`  (
  `Id` int(11) UNSIGNED NOT NULL AUTO_INCREMENT COMMENT '主键',
  `Name` varchar(255) CHARACTER SET utf8 COLLATE utf8_general_ci NOT NULL DEFAULT '' COMMENT '商品名称',
  `CategoryId` int(11) UNSIGNED NOT NULL DEFAULT 0 COMMENT '商品分类id',
  `SpecType` tinyint(3) UNSIGNED NOT NULL DEFAULT 0 COMMENT '商品规格(10单规格 20多规格)',
  `DeductStockType` tinyint(3) UNSIGNED NOT NULL DEFAULT 20 COMMENT '库存计算方式(10下单减库存 20付款减库存)',
  `Content` longtext CHARACTER SET utf8 COLLATE utf8_general_ci NOT NULL COMMENT '商品详情',
  `SalesInitial` int(11) UNSIGNED NOT NULL DEFAULT 0 COMMENT '初始销量',
  `SalesActual` int(11) UNSIGNED NOT NULL DEFAULT 0 COMMENT '实际销量',
  `DeliveryId` int(11) UNSIGNED NOT NULL DEFAULT 0 COMMENT '配送模板id',
  `IsDeleted` bit(1) NOT NULL DEFAULT b'0' COMMENT '是否删除状态',
  `TenantId` int(11) UNSIGNED NOT NULL DEFAULT 0 COMMENT '小程序租户id',
  `CreateTime` datetime(0) NOT NULL COMMENT '创建时间',
  `ModifyTime` datetime(0) NULL DEFAULT NULL COMMENT '更新时间',
  `GoodsStatus` int(11) NOT NULL COMMENT '商品状态',
  `ImgUrl` varchar(500) CHARACTER SET utf8 COLLATE utf8_general_ci NULL DEFAULT NULL COMMENT '商品多图，以逗号隔开',
  `SpecMany` varchar(3500) CHARACTER SET utf8 COLLATE utf8_general_ci NULL DEFAULT NULL COMMENT '商品多规格字符串',
  `DeleteTime` datetime(0) NULL DEFAULT NULL COMMENT '软删除时间',
  PRIMARY KEY (`Id`) USING BTREE,
  INDEX `category_id`(`CategoryId`) USING BTREE
) ENGINE = InnoDB AUTO_INCREMENT = 18 CHARACTER SET = utf8 COLLATE = utf8_general_ci COMMENT = '商品表' ROW_FORMAT = Dynamic;

-- ----------------------------
-- Records of shop_goods
-- ----------------------------
INSERT INTO `shop_goods` VALUES (1, '测试商品1', 0, 10, 10, '<p>gfgfgfgfgfgfgfgf</p>', 120, 0, 15, b'0', 1, '2021-08-17 16:13:45', NULL, 10, NULL, NULL, NULL);
INSERT INTO `shop_goods` VALUES (2, '好吃不腻的不知道名字的美食名称值得你拥有', 2, 10, 10, '<ol style=\"list-style-type: lower-greek;\">\n<li style=\"text-align: left;\"><strong>好吃不腻的不知道名字的美食名称值得你拥有好吃不腻的不知道名字的美食名称值得你拥有好吃不腻的不知道名字的美食名称值得你拥有好吃不腻的不知道名字的美食名称值得你拥有好吃不腻的不知道名字的美食名称值得你拥有好吃不腻的不知道名字的美食名称值得你拥有</strong></li>\n</ol>', 1, 0, 14, b'0', 1, '2021-08-17 16:19:47', NULL, 10, NULL, NULL, NULL);
INSERT INTO `shop_goods` VALUES (3, '好吃不腻的不知道名字的美食名称值得你拥有', 2, 10, 10, '<ol style=\"list-style-type: lower-greek;\">\n<li style=\"text-align: left;\"><strong>好吃不腻的不知道名字的美食名称值得你拥有好吃不腻的不知道名字的美食名称值得你拥有好吃不腻的不知道名字的美食名称值得你拥有好吃不腻的不知道名字的美食名称值得你拥有好吃不腻的不知道名字的美食名称值得你拥有好吃不腻的不知道名字的美食名称值得你拥有</strong></li>\n</ol>', 1, 0, 14, b'0', 1, '2021-08-17 16:26:29', NULL, 10, NULL, NULL, NULL);
INSERT INTO `shop_goods` VALUES (4, '好吃不腻的不知道名字的美食名称值得你拥有', 2, 10, 10, '<ol style=\"list-style-type: lower-greek;\">\n<li style=\"text-align: left;\"><strong>好吃不腻的不知道名字的美食名称值得你拥有好吃不腻的不知道名字的美食名称值得你拥有好吃不腻的不知道名字的美食名称值得你拥有好吃不腻的不知道名字的美食名称值得你拥有好吃不腻的不知道名字的美食名称值得你拥有好吃不腻的不知道名字的美食名称值得你拥有</strong></li>\n</ol>', 1, 0, 14, b'0', 1, '2021-08-17 16:28:47', NULL, 10, NULL, NULL, NULL);
INSERT INTO `shop_goods` VALUES (5, '好吃不腻的不知道名字的美食名称值得你拥有', 2, 10, 10, '<ol style=\"list-style-type: lower-greek;\">\n<li style=\"text-align: left;\"><strong>好吃不腻的不知道名字的美食名称值得你拥有好吃不腻的不知道名字的美食名称值得你拥有好吃不腻的不知道名字的美食名称值得你拥有好吃不腻的不知道名字的美食名称值得你拥有好吃不腻的不知道名字的美食名称值得你拥有好吃不腻的不知道名字的美食名称值得你拥有</strong></li>\n</ol>', 1, 0, 14, b'0', 1, '2021-08-17 16:29:20', NULL, 10, NULL, NULL, NULL);
INSERT INTO `shop_goods` VALUES (6, '好吃不腻的不知道名字的美食名称值得你拥有', 2, 10, 10, '<ol style=\"list-style-type: lower-greek;\">\n<li style=\"text-align: left;\"><strong>好吃不腻的不知道名字的美食名称值得你拥有好吃不腻的不知道名字的美食名称值得你拥有好吃不腻的不知道名字的美食名称值得你拥有好吃不腻的不知道名字的美食名称值得你拥有好吃不腻的不知道名字的美食名称值得你拥有好吃不腻的不知道名字的美食名称值得你拥有</strong></li>\n</ol>', 1, 0, 14, b'0', 1, '2021-08-17 16:30:02', NULL, 10, NULL, NULL, NULL);
INSERT INTO `shop_goods` VALUES (7, '好吃不腻的不知道名字的美食名称值得你拥有', 2, 10, 10, '<ol style=\"list-style-type: lower-greek;\">\n<li style=\"text-align: left;\"><strong>好吃不腻的不知道名字的美食名称值得你拥有好吃不腻的不知道名字的美食名称值得你拥有好吃不腻的不知道名字的美食名称值得你拥有好吃不腻的不知道名字的美食名称值得你拥有好吃不腻的不知道名字的美食名称值得你拥有好吃不腻的不知道名字的美食名称值得你拥有</strong></li>\n</ol>', 1, 0, 14, b'0', 1, '2021-08-17 16:30:49', NULL, 10, NULL, NULL, NULL);
INSERT INTO `shop_goods` VALUES (8, 'sssssssss', 1, 10, 20, '<p>sdsddsdsdsdsds</p>', 1, 0, 14, b'0', 0, '2021-08-17 16:48:29', NULL, 10, NULL, NULL, NULL);
INSERT INTO `shop_goods` VALUES (9, 'fgfgdfdfdgdfgdf', 1, 10, 10, '<p>dsdssddssddsdsdsdsds</p>', 2, 0, 14, b'0', 1, '2021-08-17 17:52:31', NULL, 10, NULL, NULL, NULL);
INSERT INTO `shop_goods` VALUES (12, '1212121221212', 1, 10, 0, '<p>12</p>', 12, 0, 14, b'0', 0, '2021-08-18 10:47:07', NULL, 10, NULL, NULL, NULL);
INSERT INTO `shop_goods` VALUES (13, '测试上皮哦', 1, 10, 20, '<p>gggggggggggggggggggggggggg</p>', 12, 0, 15, b'0', 1, '2021-08-18 10:58:50', NULL, 10, NULL, NULL, NULL);
INSERT INTO `shop_goods` VALUES (14, '归一牛奶小面包', 2, 20, 20, '<p>&nbsp;风中小荷 161菜谱　3059粉丝 自己在家做面包，最大的好处就是不用添加任何添加剂、防腐剂，还可以完全用牛奶、鸡蛋和面，让成品香甜可口又美味健康。这次用到了归一纯牛奶和面，加入奶酪做成一个个圆圆的</p>', 0, 0, 14, b'0', 1, '2021-08-18 14:11:25', '2021-08-18 16:15:21', 10, '/Files/goods//8BA9DFD992EB41EF177037A995408E2E.jpg', NULL, NULL);
INSERT INTO `shop_goods` VALUES (15, '好吃不醉的面包', 2, 10, 20, '<p style=\"text-align: justify;\">美味还吃的面包</p>\n<p style=\"text-align: justify;\"><img src=\"../../Files/goods/ED9C3C06811D5E375151CB8C030C92ED.jpg\" alt=\"\" width=\"661\" height=\"440\" /></p>\n<p style=\"text-align: justify;\"><img src=\"../../Files/goods/8BA9DFD992EB41EF177037A995408E2E.jpg\" alt=\"\" width=\"328\" height=\"440\" /></p>\n<p style=\"text-align: center;\">&nbsp;</p>\n<p style=\"text-align: center;\">&nbsp;</p>', 0, 0, 15, b'0', 1, '2021-08-18 14:36:14', '2021-08-18 15:53:58', 10, '/Files/goods//50517F0C7F075E9EE9C7475796494031.jpg,/Files/goods//ED9C3C06811D5E375151CB8C030C92ED.jpg,/Files/goods//8BA9DFD992EB41EF177037A995408E2E.jpg,/Files/goods//240E3ADD9E5BB3B75858C669AC82ACF9.jpg', NULL, NULL);
INSERT INTO `shop_goods` VALUES (16, '测试多规格商品', 2, 20, 20, '<p><img src=\"../../Files/goods/240E3ADD9E5BB3B75858C669AC82ACF9.jpg\" alt=\"\" width=\"533\" height=\"800\" /></p>', 0, 0, 14, b'0', 1, '2021-08-18 16:24:56', NULL, 10, '/Files/goods//ED9C3C06811D5E375151CB8C030C92ED.jpg,/Files/goods//240E3ADD9E5BB3B75858C669AC82ACF9.jpg', NULL, NULL);
INSERT INTO `shop_goods` VALUES (17, '好吃不腻也不罪的不知道什么样的商品', 2, 20, 20, '<p><img src=\"../../Files/goods/ED9C3C06811D5E375151CB8C030C92ED.jpg\" alt=\"\" width=\"661\" height=\"440\" /></p>\n<p>&nbsp;</p>', 0, 0, 15, b'0', 1, '2021-08-19 11:21:17', '2021-08-19 11:25:54', 10, '/Files/goods//50517F0C7F075E9EE9C7475796494031.jpg,/Files/goods//8BA9DFD992EB41EF177037A995408E2E.jpg,/Files/goods//ED9C3C06811D5E375151CB8C030C92ED.jpg,/Files/goods//240E3ADD9E5BB3B75858C669AC82ACF9.jpg,/Files/goods//F2E67602993D7FF05719AA32F49B3A65.jpg', '{\"spec_attr\":[{\"group_id\":5,\"group_name\":\"大小\",\"spec_items\":[{\"item_id\":18,\"spec_value\":\"7寸\"},{\"item_id\":19,\"spec_value\":\"10寸\"},{\"item_id\":20,\"spec_value\":\"12寸\"}]}],\"spec_list\":[{\"spec_sku_id\":\"18\",\"rows\":[{\"rowspan\":1,\"item_id\":18,\"spec_value\":\"7寸\"}],\"form\":{\"goods_no\":\"num5\",\"goods_price\":\"130\",\"line_price\":\"120\",\"stock_num\":\"1500\",\"goods_weight\":\"3\"}},{\"spec_sku_id\":\"19\",\"rows\":[{\"rowspan\":1,\"item_id\":19,\"spec_value\":\"10寸\"}],\"form\":{\"goods_no\":\"num6\",\"goods_price\":\"131\",\"line_price\":\"121\",\"stock_num\":\"1501\",\"goods_weight\":\"3\"}},{\"spec_sku_id\":\"20\",\"rows\":[{\"rowspan\":1,\"item_id\":20,\"spec_value\":\"12寸\"}],\"form\":{\"goods_no\":\"num7\",\"goods_price\":\"132\",\"line_price\":\"122\",\"stock_num\":\"1502\",\"goods_weight\":\"3\"}}]}', NULL);

-- ----------------------------
-- Table structure for shop_goods_spec
-- ----------------------------
DROP TABLE IF EXISTS `shop_goods_spec`;
CREATE TABLE `shop_goods_spec`  (
  `Id` int(11) UNSIGNED NOT NULL AUTO_INCREMENT COMMENT '商品规格id',
  `GoodsId` int(11) UNSIGNED NOT NULL DEFAULT 0 COMMENT '商品id',
  `GoodsNo` varchar(100) CHARACTER SET utf8 COLLATE utf8_general_ci NULL DEFAULT '' COMMENT '商品编码',
  `GoodsPrice` decimal(10, 2) UNSIGNED NOT NULL DEFAULT 0.00 COMMENT '商品价格',
  `LinePrice` decimal(10, 2) UNSIGNED NOT NULL DEFAULT 0.00 COMMENT '商品划线价',
  `StockNum` int(11) UNSIGNED NOT NULL DEFAULT 0 COMMENT '当前库存数量',
  `GoodsSales` int(11) UNSIGNED NOT NULL DEFAULT 0 COMMENT '商品销量',
  `GoodsWeight` double UNSIGNED NOT NULL DEFAULT 0 COMMENT '商品重量(Kg)',
  `TenantId` int(255) NOT NULL COMMENT '小程序多租户Id',
  `CreateTime` datetime(0) NOT NULL COMMENT '创建时间',
  `ModifyTime` datetime(0) NULL DEFAULT NULL COMMENT '更新时间',
  `IsDeleted` bit(1) NULL DEFAULT b'0' COMMENT '删除状态',
  `SpecSkuId` varchar(255) CHARACTER SET utf8 COLLATE utf8_general_ci NULL DEFAULT NULL COMMENT '商品Sku',
  `DeleteTime` datetime(0) NULL DEFAULT NULL COMMENT '软删除时间',
  PRIMARY KEY (`Id`) USING BTREE
) ENGINE = InnoDB AUTO_INCREMENT = 19 CHARACTER SET = utf8 COLLATE = utf8_general_ci COMMENT = '商品规格表' ROW_FORMAT = Dynamic;

-- ----------------------------
-- Records of shop_goods_spec
-- ----------------------------
INSERT INTO `shop_goods_spec` VALUES (1, 12, '12', 12.00, 12.00, 12, 0, 12, 0, '2021-08-18 10:47:07', NULL, b'1', NULL, NULL);
INSERT INTO `shop_goods_spec` VALUES (2, 13, '13', 13.00, 13.00, 13, 0, 1, 1, '2021-08-18 10:58:50', NULL, b'1', NULL, NULL);
INSERT INTO `shop_goods_spec` VALUES (5, 1, NULL, 0.00, 0.00, 0, 0, 0, 1, '2021-08-18 15:29:21', NULL, b'1', NULL, NULL);
INSERT INTO `shop_goods_spec` VALUES (6, 1, NULL, 0.00, 0.00, 0, 0, 0, 1, '2021-08-18 15:40:56', NULL, b'1', NULL, NULL);
INSERT INTO `shop_goods_spec` VALUES (7, 1, '12343343', 12.00, 10.00, 120000, 0, 2, 1, '2021-08-18 15:44:17', NULL, b'1', NULL, NULL);
INSERT INTO `shop_goods_spec` VALUES (9, 15, '1111111', 12.00, 11.00, 11111, 0, 2, 1, '2021-08-18 15:53:58', NULL, b'1', NULL, NULL);
INSERT INTO `shop_goods_spec` VALUES (10, 14, 'num1', 15.00, 12.00, 1200, 0, 2, 1, '2021-08-18 16:15:21', NULL, b'1', NULL, NULL);
INSERT INTO `shop_goods_spec` VALUES (11, 16, 'num2', 11.00, 10.00, 1200, 0, 2, 1, '2021-08-18 16:24:56', NULL, b'1', NULL, NULL);
INSERT INTO `shop_goods_spec` VALUES (12, 16, 'num3', 12.00, 9.00, 1200, 0, 3, 1, '2021-08-18 16:24:56', NULL, b'1', NULL, NULL);
INSERT INTO `shop_goods_spec` VALUES (16, 17, 'num5', 130.00, 120.00, 1500, 0, 3, 1, '2021-08-19 11:25:54', NULL, b'1', NULL, NULL);
INSERT INTO `shop_goods_spec` VALUES (17, 17, 'num6', 131.00, 121.00, 1501, 0, 3, 1, '2021-08-19 11:25:54', NULL, b'1', NULL, NULL);
INSERT INTO `shop_goods_spec` VALUES (18, 17, 'num7', 132.00, 122.00, 1502, 0, 3, 1, '2021-08-19 11:25:54', NULL, b'1', NULL, NULL);

-- ----------------------------
-- Table structure for shop_goods_spec_rel
-- ----------------------------
DROP TABLE IF EXISTS `shop_goods_spec_rel`;
CREATE TABLE `shop_goods_spec_rel`  (
  `Id` int(11) UNSIGNED NOT NULL AUTO_INCREMENT COMMENT '主键id',
  `GoodsId` int(11) UNSIGNED NOT NULL DEFAULT 0 COMMENT '商品id',
  `SpecId` int(11) UNSIGNED NOT NULL DEFAULT 0 COMMENT '规格组id',
  `SpecValueId` int(11) UNSIGNED NOT NULL DEFAULT 0 COMMENT '规格值id',
  `TenantId` int(11) UNSIGNED NOT NULL DEFAULT 0 COMMENT '小程序多租户id',
  `CreateTime` datetime(0) NOT NULL COMMENT '创建时间',
  `ModifyTime` datetime(0) NULL DEFAULT NULL COMMENT '修改时间',
  `IsDeleted` bit(1) NOT NULL DEFAULT b'0' COMMENT '删除状态',
  `DeleteTime` datetime(0) NULL DEFAULT NULL,
  PRIMARY KEY (`Id`) USING BTREE
) ENGINE = InnoDB AUTO_INCREMENT = 10 CHARACTER SET = utf8 COLLATE = utf8_general_ci COMMENT = '商品规格关系引用表' ROW_FORMAT = Dynamic;

-- ----------------------------
-- Records of shop_goods_spec_rel
-- ----------------------------
INSERT INTO `shop_goods_spec_rel` VALUES (1, 14, 0, 15, 1, '2021-08-18 16:15:21', NULL, b'1', NULL);
INSERT INTO `shop_goods_spec_rel` VALUES (2, 16, 0, 17, 1, '2021-08-18 16:24:56', NULL, b'1', NULL);
INSERT INTO `shop_goods_spec_rel` VALUES (3, 16, 0, 16, 1, '2021-08-18 16:24:56', NULL, b'1', NULL);
INSERT INTO `shop_goods_spec_rel` VALUES (7, 17, 5, 18, 1, '2021-08-19 11:25:54', NULL, b'1', NULL);
INSERT INTO `shop_goods_spec_rel` VALUES (8, 17, 5, 19, 1, '2021-08-19 11:25:54', NULL, b'1', NULL);
INSERT INTO `shop_goods_spec_rel` VALUES (9, 17, 5, 20, 1, '2021-08-19 11:25:54', NULL, b'1', NULL);

-- ----------------------------
-- Table structure for shop_order
-- ----------------------------
DROP TABLE IF EXISTS `shop_order`;
CREATE TABLE `shop_order`  (
  `Id` int(11) UNSIGNED NOT NULL AUTO_INCREMENT COMMENT '订单id',
  `OrderNo` varchar(20) CHARACTER SET utf8 COLLATE utf8_general_ci NOT NULL DEFAULT '' COMMENT '订单号',
  `TotalPrice` decimal(10, 2) UNSIGNED NOT NULL DEFAULT 0.00 COMMENT '商品总金额',
  `PayPrice` decimal(10, 2) UNSIGNED NOT NULL DEFAULT 0.00 COMMENT '订单实付款金额',
  `PayStatus` int(3) UNSIGNED NOT NULL DEFAULT 10 COMMENT '付款状态(10未付款 20已付款)',
  `PayTime` datetime(0) NOT NULL COMMENT '付款时间',
  `ExpressPrice` decimal(10, 2) UNSIGNED NOT NULL DEFAULT 0.00 COMMENT '运费金额',
  `ExpressCompany` varchar(50) CHARACTER SET utf8 COLLATE utf8_general_ci NOT NULL DEFAULT '' COMMENT '物流公司',
  `ExpressNo` varchar(50) CHARACTER SET utf8 COLLATE utf8_general_ci NOT NULL DEFAULT '' COMMENT '物流单号',
  `DeliveryStatus` tinyint(3) UNSIGNED NOT NULL DEFAULT 10 COMMENT '发货状态(10未发货 20已发货)',
  `DeliveryTime` datetime(0) NOT NULL COMMENT '发货时间',
  `ReceiptStatus` int(3) UNSIGNED NOT NULL DEFAULT 10 COMMENT '收货状态(10未收货 20已收货)',
  `ReceipTime` datetime(0) NOT NULL COMMENT '收货时间',
  `OrderStatus` int(3) UNSIGNED NOT NULL DEFAULT 10 COMMENT '订单状态(10进行中 20取消 21待取消 30已完成)',
  `TransactionId` varchar(30) CHARACTER SET utf8 COLLATE utf8_general_ci NOT NULL DEFAULT '' COMMENT '微信支付交易号',
  `AppUserId` int(11) UNSIGNED NOT NULL DEFAULT 0 COMMENT '小程序用户id',
  `TenantId` int(11) UNSIGNED NOT NULL DEFAULT 0 COMMENT '小程序租户id',
  `CreateTime` datetime(0) NOT NULL COMMENT '创建时间',
  `ModifyTime` datetime(0) NOT NULL COMMENT '更新时间',
  `IsDeleted` bit(1) NOT NULL DEFAULT b'0' COMMENT '删除状态',
  `DeleteTime` datetime(0) NULL DEFAULT NULL,
  PRIMARY KEY (`Id`) USING BTREE,
  UNIQUE INDEX `order_no`(`OrderNo`) USING BTREE
) ENGINE = InnoDB AUTO_INCREMENT = 1 CHARACTER SET = utf8 COLLATE = utf8_general_ci COMMENT = '订单表' ROW_FORMAT = Dynamic;

-- ----------------------------
-- Table structure for shop_order_address
-- ----------------------------
DROP TABLE IF EXISTS `shop_order_address`;
CREATE TABLE `shop_order_address`  (
  `Id` int(11) UNSIGNED NOT NULL AUTO_INCREMENT COMMENT '主键',
  `AppUserId` int(11) UNSIGNED NOT NULL DEFAULT 0 COMMENT '小程序用户id',
  `Name` varchar(30) CHARACTER SET utf8 COLLATE utf8_general_ci NOT NULL DEFAULT '' COMMENT '收货人姓名',
  `Phone` varchar(20) CHARACTER SET utf8 COLLATE utf8_general_ci NOT NULL DEFAULT '' COMMENT '联系电话',
  `Province` varchar(50) CHARACTER SET utf8 COLLATE utf8_general_ci NOT NULL DEFAULT '0' COMMENT '所在省份id',
  `City` varchar(50) CHARACTER SET utf8 COLLATE utf8_general_ci NOT NULL DEFAULT '0' COMMENT '所在城市id',
  `Region` varchar(50) CHARACTER SET utf8 COLLATE utf8_general_ci NOT NULL DEFAULT '0' COMMENT '所在区id',
  `Detail` varchar(255) CHARACTER SET utf8 COLLATE utf8_general_ci NOT NULL DEFAULT '' COMMENT '详细地址',
  `OrderId` int(11) UNSIGNED NOT NULL DEFAULT 0 COMMENT '订单id',
  `TenantId` int(11) UNSIGNED NOT NULL DEFAULT 0 COMMENT '小程序租户id',
  `CreateTime` datetime(0) NOT NULL COMMENT '创建时间',
  `ModifyTime` datetime(0) NULL DEFAULT NULL COMMENT '修改时间',
  `IsDeleted` bit(1) NOT NULL DEFAULT b'0' COMMENT '状态',
  `DeleteTime` datetime(0) NULL DEFAULT NULL,
  PRIMARY KEY (`Id`) USING BTREE
) ENGINE = InnoDB AUTO_INCREMENT = 1 CHARACTER SET = utf8 COLLATE = utf8_general_ci COMMENT = '商品订单地址表' ROW_FORMAT = Dynamic;

-- ----------------------------
-- Table structure for shop_order_goods
-- ----------------------------
DROP TABLE IF EXISTS `shop_order_goods`;
CREATE TABLE `shop_order_goods`  (
  `Id` int(11) UNSIGNED NOT NULL AUTO_INCREMENT COMMENT '主键id',
  `GoodsId` int(11) UNSIGNED NOT NULL DEFAULT 0 COMMENT '商品id',
  `GoodsName` varchar(255) CHARACTER SET utf8 COLLATE utf8_general_ci NOT NULL DEFAULT '' COMMENT '商品名称',
  `ImgUrl` varchar(500) CHARACTER SET utf8 COLLATE utf8_general_ci NOT NULL DEFAULT '0' COMMENT '商品封面图id',
  `DeductStockType` int(3) UNSIGNED NOT NULL DEFAULT 20 COMMENT '库存计算方式(10下单减库存 20付款减库存)',
  `SpecType` int(3) UNSIGNED NOT NULL DEFAULT 0 COMMENT '规格类型(10单规格 20多规格)',
  `SpecSkuId` varchar(255) CHARACTER SET utf8 COLLATE utf8_general_ci NOT NULL DEFAULT '' COMMENT '商品sku标识',
  `GoodsSpecId` int(11) UNSIGNED NOT NULL DEFAULT 0 COMMENT '商品规格id',
  `GoodsAttr` varchar(500) CHARACTER SET utf8 COLLATE utf8_general_ci NOT NULL DEFAULT '' COMMENT '商品规格信息',
  `Content` longtext CHARACTER SET utf8 COLLATE utf8_general_ci NOT NULL COMMENT '商品详情',
  `GoodsNo` varchar(100) CHARACTER SET utf8 COLLATE utf8_general_ci NOT NULL DEFAULT '' COMMENT '商品编码',
  `GoodsPrice` decimal(10, 2) UNSIGNED NOT NULL DEFAULT 0.00 COMMENT '商品价格',
  `LinePrice` decimal(10, 2) UNSIGNED NOT NULL DEFAULT 0.00 COMMENT '商品划线价',
  `GoodsWeight` double UNSIGNED NOT NULL DEFAULT 0 COMMENT '商品重量(Kg)',
  `TotalNum` int(11) UNSIGNED NOT NULL DEFAULT 0 COMMENT '购买数量',
  `TotalPrice` decimal(10, 2) UNSIGNED NOT NULL DEFAULT 0.00 COMMENT '商品总价',
  `OrderId` int(11) UNSIGNED NOT NULL DEFAULT 0 COMMENT '订单id',
  `AppUserId` int(11) UNSIGNED NOT NULL DEFAULT 0 COMMENT '小程序用户id',
  `TenantId` int(11) UNSIGNED NOT NULL DEFAULT 0 COMMENT '小程序租户id',
  `CreateTime` datetime(0) NOT NULL COMMENT '创建时间',
  `ModifyTime` datetime(0) NULL DEFAULT NULL COMMENT '修改时间',
  `IsDeleted` bit(1) NOT NULL DEFAULT b'0' COMMENT '删除状态',
  `DeleteTime` datetime(0) NULL DEFAULT NULL,
  PRIMARY KEY (`Id`) USING BTREE
) ENGINE = InnoDB AUTO_INCREMENT = 1 CHARACTER SET = utf8 COLLATE = utf8_general_ci COMMENT = '订单商品表' ROW_FORMAT = Dynamic;

-- ----------------------------
-- Table structure for shop_spec
-- ----------------------------
DROP TABLE IF EXISTS `shop_spec`;
CREATE TABLE `shop_spec`  (
  `Id` int(11) UNSIGNED NOT NULL AUTO_INCREMENT COMMENT '规格组id',
  `Name` varchar(255) CHARACTER SET utf8 COLLATE utf8_general_ci NOT NULL DEFAULT '' COMMENT '规格组名称',
  `TenantId` int(11) UNSIGNED NOT NULL DEFAULT 0 COMMENT '小程序租户id',
  `CreateTime` datetime(0) NOT NULL COMMENT '创建时间',
  `ModifyTime` datetime(0) NULL DEFAULT NULL COMMENT '修改时间',
  `IsDeleted` bit(1) NOT NULL DEFAULT b'0' COMMENT '删除状态',
  `DeleteTime` datetime(0) NULL DEFAULT NULL,
  PRIMARY KEY (`Id`) USING BTREE
) ENGINE = InnoDB AUTO_INCREMENT = 6 CHARACTER SET = utf8 COLLATE = utf8_general_ci COMMENT = '商品规格表' ROW_FORMAT = Dynamic;

-- ----------------------------
-- Records of shop_spec
-- ----------------------------
INSERT INTO `shop_spec` VALUES (1, '颜色', 0, '2021-08-13 16:59:37', NULL, b'1', NULL);
INSERT INTO `shop_spec` VALUES (2, '尺码', 0, '2021-08-16 14:55:53', NULL, b'1', NULL);
INSERT INTO `shop_spec` VALUES (3, '版本', 0, '2021-08-16 15:48:45', NULL, b'1', NULL);
INSERT INTO `shop_spec` VALUES (4, '鞋码', 0, '2021-08-16 17:54:16', NULL, b'1', NULL);
INSERT INTO `shop_spec` VALUES (5, '大小', 0, '2021-08-18 15:55:33', NULL, b'1', NULL);

-- ----------------------------
-- Table structure for shop_spec_value
-- ----------------------------
DROP TABLE IF EXISTS `shop_spec_value`;
CREATE TABLE `shop_spec_value`  (
  `Id` int(11) UNSIGNED NOT NULL AUTO_INCREMENT COMMENT '规格值id',
  `Value` varchar(255) CHARACTER SET utf8 COLLATE utf8_general_ci NOT NULL COMMENT '规格值',
  `SpecId` int(11) NOT NULL COMMENT '规格组id',
  `TenantId` int(11) NOT NULL COMMENT '小程序租户id',
  `CreateTime` datetime(0) NOT NULL COMMENT '创建时间',
  `ModifyTime` datetime(0) NULL DEFAULT NULL COMMENT '修改时间',
  `IsDeleted` bit(1) NOT NULL DEFAULT b'0' COMMENT '删除状态',
  `DeleteTime` datetime(0) NULL DEFAULT NULL,
  PRIMARY KEY (`Id`) USING BTREE
) ENGINE = InnoDB AUTO_INCREMENT = 21 CHARACTER SET = utf8 COLLATE = utf8_general_ci COMMENT = '商品规格值表' ROW_FORMAT = Dynamic;

-- ----------------------------
-- Records of shop_spec_value
-- ----------------------------
INSERT INTO `shop_spec_value` VALUES (1, '黄', 1, 0, '2021-08-13 16:59:37', NULL, b'1', NULL);
INSERT INTO `shop_spec_value` VALUES (2, '蓝', 1, 0, '2021-08-16 14:30:25', NULL, b'1', NULL);
INSERT INTO `shop_spec_value` VALUES (3, '黑', 1, 0, '2021-08-16 14:30:49', NULL, b'1', NULL);
INSERT INTO `shop_spec_value` VALUES (4, '褐', 1, 0, '2021-08-16 14:48:30', NULL, b'1', NULL);
INSERT INTO `shop_spec_value` VALUES (5, 'M', 2, 0, '2021-08-16 14:55:53', NULL, b'1', NULL);
INSERT INTO `shop_spec_value` VALUES (6, 'L', 2, 0, '2021-08-16 15:01:20', NULL, b'1', NULL);
INSERT INTO `shop_spec_value` VALUES (7, 'XL', 2, 0, '2021-08-16 15:08:12', NULL, b'1', NULL);
INSERT INTO `shop_spec_value` VALUES (8, '2XL', 2, 0, '2021-08-16 15:12:18', NULL, b'1', NULL);
INSERT INTO `shop_spec_value` VALUES (9, '3XL', 2, 0, '2021-08-16 15:13:16', NULL, b'1', NULL);
INSERT INTO `shop_spec_value` VALUES (10, 'v1', 3, 0, '2021-08-16 15:48:45', NULL, b'1', NULL);
INSERT INTO `shop_spec_value` VALUES (11, '4XL', 2, 0, '2021-08-16 17:36:59', NULL, b'1', NULL);
INSERT INTO `shop_spec_value` VALUES (12, '5XL', 2, 0, '2021-08-16 17:37:09', NULL, b'1', NULL);
INSERT INTO `shop_spec_value` VALUES (13, '6XL', 2, 0, '2021-08-16 17:48:42', NULL, b'1', NULL);
INSERT INTO `shop_spec_value` VALUES (14, '35', 4, 0, '2021-08-16 17:54:16', NULL, b'1', NULL);
INSERT INTO `shop_spec_value` VALUES (15, '中', 5, 0, '2021-08-18 15:55:33', NULL, b'1', NULL);
INSERT INTO `shop_spec_value` VALUES (16, '小', 5, 0, '2021-08-18 16:21:25', NULL, b'1', NULL);
INSERT INTO `shop_spec_value` VALUES (17, '大', 5, 0, '2021-08-18 16:21:29', NULL, b'1', NULL);
INSERT INTO `shop_spec_value` VALUES (18, '7寸', 5, 0, '2021-08-19 11:17:27', NULL, b'1', NULL);
INSERT INTO `shop_spec_value` VALUES (19, '10寸', 5, 0, '2021-08-19 11:17:36', NULL, b'1', NULL);
INSERT INTO `shop_spec_value` VALUES (20, '12寸', 5, 0, '2021-08-19 11:17:42', NULL, b'1', NULL);

-- ----------------------------
-- Table structure for sys_config
-- ----------------------------
DROP TABLE IF EXISTS `sys_config`;
CREATE TABLE `sys_config`  (
  `Id` int(11) NOT NULL AUTO_INCREMENT COMMENT '主键',
  `Value` varchar(255) CHARACTER SET utf8 COLLATE utf8_general_ci NULL DEFAULT NULL COMMENT '字典值——名称',
  `EnName` varchar(255) CHARACTER SET utf8 COLLATE utf8_general_ci NULL DEFAULT NULL COMMENT '字典值——英文名称',
  `Remark` varchar(1000) CHARACTER SET utf8 COLLATE utf8_general_ci NULL DEFAULT NULL COMMENT '字典值——描述',
  `CreateTime` datetime(0) NULL DEFAULT NULL COMMENT '字典值——添加时间',
  `ModifyTime` datetime(0) NULL DEFAULT NULL COMMENT '字典值——修改时间',
  `Type` varchar(50) CHARACTER SET utf8 COLLATE utf8_general_ci NULL DEFAULT '' COMMENT '类型',
  `IsDeleted` bit(1) NULL DEFAULT b'0' COMMENT '删除状态',
  `DeleteTime` datetime(0) NULL DEFAULT NULL COMMENT '删除时间',
  PRIMARY KEY (`Id`) USING BTREE
) ENGINE = InnoDB AUTO_INCREMENT = 20 CHARACTER SET = utf8 COLLATE = utf8_general_ci COMMENT = '系统字典表' ROW_FORMAT = Dynamic;

-- ----------------------------
-- Records of sys_config
-- ----------------------------
INSERT INTO `sys_config` VALUES (2, '详情', 'detail', '菜单的详情按钮', '2021-02-05 23:34:38', '2021-03-09 22:27:55', 'Button', b'0', NULL);
INSERT INTO `sys_config` VALUES (3, '导出', 'export', '菜单的导出按钮', '2021-02-05 23:34:38', '2021-03-09 22:28:16', 'Button', b'0', NULL);
INSERT INTO `sys_config` VALUES (4, '导入', 'import', '菜单的导入按钮', '2021-02-05 23:34:38', '2021-03-09 22:28:26', 'Button', b'0', NULL);
INSERT INTO `sys_config` VALUES (5, '删除', 'delete', '菜单列表删除', '2021-02-05 23:34:38', '2021-12-27 22:06:21', 'Button', b'0', NULL);
INSERT INTO `sys_config` VALUES (6, '编辑', 'modify', '菜单的编辑按钮', '2021-02-05 23:34:38', '2021-03-09 22:28:40', 'Button', b'0', NULL);
INSERT INTO `sys_config` VALUES (7, '添加', 'add', '菜单的添加按钮', '2021-02-05 23:34:38', '2021-03-09 22:28:50', 'Button', b'0', NULL);
INSERT INTO `sys_config` VALUES (11, '授权', 'auth', '菜单授权按钮，哈哈', '2021-03-08 22:26:12', '2021-03-08 22:27:04', 'Button', b'0', NULL);
INSERT INTO `sys_config` VALUES (13, '还原', 'restore', '回收站的还原功能按钮，与菜单挂钩', '2021-07-13 17:36:03', '2021-07-13 17:36:23', 'Button', b'0', NULL);
INSERT INTO `sys_config` VALUES (14, '江浙沪包邮', '/', '江浙沪包邮', '2021-08-11 17:19:54', NULL, 'Freight', b'0', NULL);
INSERT INTO `sys_config` VALUES (15, '全国包邮', 'china-mold', '全国包邮', '2021-08-11 17:20:46', NULL, 'Freight', b'0', NULL);
INSERT INTO `sys_config` VALUES (16, '批量删除', 'deletes', '菜单列表的批量删除就是放入回收站', '2022-12-14 22:23:26', '2022-12-14 22:23:26', 'Button', b'0', NULL);
INSERT INTO `sys_config` VALUES (17, '放入回收站', 'recycle', '菜单列表的回收站功能', '2022-12-15 16:29:31', '2022-12-15 16:29:31', 'Button', b'0', NULL);
INSERT INTO `sys_config` VALUES (19, '333', '333', NULL, '1900-01-01 00:00:00', NULL, '333', b'1', '2022-12-16 14:45:55');

-- ----------------------------
-- Table structure for sys_log
-- ----------------------------
DROP TABLE IF EXISTS `sys_log`;
CREATE TABLE `sys_log`  (
  `Id` int(100) NOT NULL AUTO_INCREMENT COMMENT '主键',
  `Application` varchar(50) CHARACTER SET utf8 COLLATE utf8_general_ci NULL DEFAULT NULL COMMENT '应用',
  `Level` varchar(50) CHARACTER SET utf8 COLLATE utf8_general_ci NULL DEFAULT NULL COMMENT '日志级别',
  `Message` longtext CHARACTER SET utf8 COLLATE utf8_general_ci NULL COMMENT '内容',
  `Logger` varchar(250) CHARACTER SET utf8 COLLATE utf8_general_ci NULL DEFAULT NULL COMMENT '创建时间',
  `Callsite` varchar(512) CHARACTER SET utf8 COLLATE utf8_general_ci NULL DEFAULT NULL COMMENT '请求地址',
  `Exception` varchar(512) CHARACTER SET utf8 COLLATE utf8_general_ci NULL DEFAULT NULL COMMENT '异常',
  `IP` varchar(50) CHARACTER SET utf8 COLLATE utf8_general_ci NULL DEFAULT NULL COMMENT 'IP',
  `UserName` varchar(50) CHARACTER SET utf8 COLLATE utf8_general_ci NULL DEFAULT NULL COMMENT '用户名',
  `Browser` varchar(500) CHARACTER SET utf8 COLLATE utf8_general_ci NULL DEFAULT NULL COMMENT '浏览器',
  `CreateTime` datetime(0) NULL DEFAULT NULL COMMENT '创建时间',
  `TenantId` int(11) NULL DEFAULT NULL COMMENT '多租户Id',
  PRIMARY KEY (`Id`) USING BTREE
) ENGINE = InnoDB AUTO_INCREMENT = 2 CHARACTER SET = utf8 COLLATE = utf8_general_ci COMMENT = '系统日志表' ROW_FORMAT = Dynamic;

-- ----------------------------
-- Records of sys_log
-- ----------------------------
INSERT INTO `sys_log` VALUES (1, 'api', 'Info', 'mhg成功退出系统!', '登录', 'https://localhost/sys/user/Logout', '', '::1', 'mhg', 'Mozilla/5.0 (Windows NT 10.0; Win64; x64) AppleWebKit/537.36 (KHTML, like Gecko) Chrome/110.0.0.0 Safari/537.36', '2023-02-28 17:43:09', NULL);

-- ----------------------------
-- Table structure for sys_menu
-- ----------------------------
DROP TABLE IF EXISTS `sys_menu`;
CREATE TABLE `sys_menu`  (
  `Id` int(50) NOT NULL AUTO_INCREMENT COMMENT '主键',
  `ParentId` int(50) NULL DEFAULT NULL COMMENT '菜单父级',
  `ParentIdList` varchar(100) CHARACTER SET utf8 COLLATE utf8_general_ci NULL DEFAULT NULL COMMENT '菜单父级集合',
  `Name` varchar(50) CHARACTER SET utf8 COLLATE utf8_general_ci NOT NULL COMMENT '菜单名称',
  `NameCode` varchar(50) CHARACTER SET utf8 COLLATE utf8_general_ci NULL DEFAULT NULL COMMENT '菜单名称标识',
  `Url` varchar(255) CHARACTER SET utf8 COLLATE utf8_general_ci NULL DEFAULT '' COMMENT '菜单Url',
  `Icon` varchar(50) CHARACTER SET utf8 COLLATE utf8_general_ci NULL DEFAULT NULL COMMENT '菜单图标',
  `Sort` int(11) NOT NULL DEFAULT 0 COMMENT '菜单排序',
  `Layer` int(11) NULL DEFAULT NULL COMMENT '层级',
  `IsDeleted` bit(1) NOT NULL DEFAULT b'0' COMMENT '菜单状态 true=正常 false=不显示',
  `ModifyTime` datetime(0) NULL DEFAULT NULL COMMENT '修改时间',
  `CreateTime` datetime(0) NULL DEFAULT NULL COMMENT '添加时间',
  `HttpMethod` varchar(20) CHARACTER SET utf8 COLLATE utf8_general_ci NOT NULL COMMENT 'http请求方式',
  `BtnCodeIds` varchar(100) CHARACTER SET utf8 COLLATE utf8_general_ci NULL DEFAULT NULL COMMENT '按钮Id集合',
  `DeleteTime` datetime(0) NULL DEFAULT NULL COMMENT '删除时间',
  `TenantId` int(11) NULL DEFAULT NULL COMMENT '多租户Id',
  PRIMARY KEY (`Id`) USING BTREE
) ENGINE = InnoDB AUTO_INCREMENT = 38 CHARACTER SET = utf8 COLLATE = utf8_general_ci COMMENT = '系统权限表' ROW_FORMAT = Dynamic;

-- ----------------------------
-- Records of sys_menu
-- ----------------------------
INSERT INTO `sys_menu` VALUES (2, 4, ',19,4,2,', '日志列表', 'logs', '/sys/logs/index', 'fa fa fa fa fa-snowflake-o', 1, 3, b'0', '2022-12-14 22:27:02', '2022-12-14 22:27:02', 'get', '[\"5\",\"2\",\"16\"]', NULL, 1);
INSERT INTO `sys_menu` VALUES (4, 19, ',19,4,', '系统管理', 'system', '', 'fa fa-bandcamp', 3, 2, b'0', '2021-03-09 22:26:48', '2021-02-23 17:17:58', 'get', '[]', NULL, 1);
INSERT INTO `sys_menu` VALUES (5, 4, ',19,4,5,', '角色列表', 'role', '/sys/role/index', 'fa fa fa fa-android', 3, 3, b'0', '2022-12-15 22:25:58', '2022-12-15 22:25:58', 'get', '[\"11\",\"5\",\"6\",\"7\",\"16\",\"17\"]', NULL, 1);
INSERT INTO `sys_menu` VALUES (6, 4, ',19,4,6,', '用户列表', 'user', '/sys/user/index', 'fa fa fa fa fa-address-book-o', 5, 3, b'0', '2022-12-15 22:26:47', '2022-12-15 22:26:47', 'get', '[\"5\",\"6\",\"7\",\"11\",\"17\",\"16\"]', NULL, 1);
INSERT INTO `sys_menu` VALUES (9, 20, ',20,9,', '内容管理', 'content', '', 'fa fa-snowflake-o', 6, 2, b'0', '2021-03-01 21:47:29', '2021-02-23 17:44:22', 'get', '[]', NULL, 1);
INSERT INTO `sys_menu` VALUES (12, 4, ',19,4,12,', '菜单列表', 'menu', '/sys/menu/index', 'fa fa fa fa-dot-circle-o', 7, 3, b'0', '2022-12-15 22:26:54', '2022-12-15 22:26:54', 'get', '[\"5\",\"6\",\"7\",\"11\",\"16\",\"17\"]', NULL, 1);
INSERT INTO `sys_menu` VALUES (13, 9, ',20,9,13,', '文章管理', 'article', '/cms/article/index', 'fa fa fa-book', 8, 3, b'0', '2022-12-15 22:27:37', '2022-12-15 22:27:37', 'get', '[\"5\",\"6\",\"7\",\"16\",\"17\"]', NULL, 1);
INSERT INTO `sys_menu` VALUES (14, 9, ',20,9,14,', '栏目管理', 'column', '/cms/column/index', 'fa fa fa-snowflake-o', 9, 3, b'0', '2022-12-15 22:27:47', '2022-12-15 22:27:47', 'get', '[\"5\",\"6\",\"7\",\"16\",\"17\"]', NULL, 1);
INSERT INTO `sys_menu` VALUES (15, 9, ',20,9,15,', '关键词管理', 'keyword', '/cms/keyword/index', 'fa fa fa-dot-circle-o', 10, 3, b'0', '2022-12-15 22:28:24', '2022-12-15 22:28:24', 'get', '[\"2\",\"3\",\"4\",\"5\",\"6\",\"7\",\"16\",\"17\"]', NULL, 1);
INSERT INTO `sys_menu` VALUES (19, 0, ',19,', '常规管理', 'alwas', '', 'fa fa-snowflake-o', 8, 1, b'0', '0001-01-01 00:00:00', '2021-03-01 21:38:58', 'get', '[]', NULL, 1);
INSERT INTO `sys_menu` VALUES (20, 0, ',20,', 'CMS管理', 'cms', '', 'fa fa-snowflake-o', 9, 1, b'0', '0001-01-01 00:00:00', '2021-03-01 21:46:37', 'get', '[]', NULL, 1);
INSERT INTO `sys_menu` VALUES (21, 4, ',19,4,21,', '字典管理', 'config', '/sys/config/index', 'fa fa fa fa-snowflake-o', 10, 3, b'0', '2022-12-15 22:27:02', '2022-12-15 22:27:02', 'get', '[\"5\",\"6\",\"7\",\"16\",\"17\"]', NULL, 1);
INSERT INTO `sys_menu` VALUES (22, 0, ',22,', '测试一条', 'test', '2/', 'fa-address-card-o', 1, 1, b'1', '0001-01-01 00:00:00', '2021-03-05 22:44:08', 'get', '[]', '2022-12-16 11:49:44', 1);
INSERT INTO `sys_menu` VALUES (23, 4, ',19,4,23,', '租户管理', 'tenant', '/sys/tenant/index', 'fa fa fa fa fa-adn', 0, 3, b'0', '2022-12-15 22:26:37', '2022-12-15 22:26:38', 'get', '[\"7\",\"5\",\"6\",\"16\",\"17\"]', NULL, 1);
INSERT INTO `sys_menu` VALUES (24, 9, ',20,9,24,', '广告管理', 'advlist', '/cms/advList/index', 'fa fa fa fa-angellist', 10, 3, b'0', '2022-12-15 22:27:59', '2022-12-15 22:27:59', 'get', '[\"5\",\"6\",\"7\",\"16\",\"17\"]', NULL, 1);
INSERT INTO `sys_menu` VALUES (25, 19, ',19,25,', '我的工作台', 'mywork', '', 'fa fa fa fa-asl-interpreting', 16, 2, b'0', '2021-12-22 22:00:17', '2021-06-01 19:29:48', 'get', '[]', NULL, 1);
INSERT INTO `sys_menu` VALUES (26, 25, ',19,25,26,', '留言管理', 'message', '/cms/message/index', 'fa fa fa fa fa-address-card', 17, 3, b'0', '2022-12-15 22:27:10', '2022-12-15 22:27:10', 'get', '[\"5\",\"16\",\"17\"]', NULL, 1);
INSERT INTO `sys_menu` VALUES (27, 25, ',19,25,27,', '回收站', 'recycle', '/sys/recycle/index', 'fa fa fa fa fa fa fa-bank', 18, 3, b'0', '2022-12-14 22:29:29', '2022-12-14 22:29:29', 'get', '[\"5\",\"13\",\"16\"]', NULL, 1);
INSERT INTO `sys_menu` VALUES (28, 0, ',28,', '商城系统', 'shop', '/', 'fa fa ', 0, 1, b'0', '2021-08-10 17:19:45', '2021-08-10 17:01:59', 'get', '[]', NULL, 1);
INSERT INTO `sys_menu` VALUES (29, 30, ',28,30,29,', '商品分类', 'category', '/shop/category/index', 'fa fa fa fa-bug', 0, 3, b'0', '2022-12-15 22:26:29', '2022-12-15 22:26:29', 'get', '[\"5\",\"6\",\"7\",\"16\",\"17\"]', NULL, 1);
INSERT INTO `sys_menu` VALUES (30, 28, ',28,30,', '商品管理', 'shopmanage', '', 'fa fa-amazon', 0, 2, b'0', NULL, '2021-08-10 17:57:44', 'get', '[]', NULL, 1);
INSERT INTO `sys_menu` VALUES (31, 30, ',28,30,31,', '商品列表', 'goods', '/shop/goods/index', 'fa fa fa-camera-retro', 0, 3, b'0', '2022-12-15 22:26:21', '2022-12-15 22:26:21', 'get', '[\"5\",\"6\",\"7\",\"2\",\"16\",\"17\"]', NULL, 1);
INSERT INTO `sys_menu` VALUES (32, 28, ',28,32,', '订单管理', 'OrdersManage', '', 'fa fa fa fa-bars', 10, 2, b'0', '2021-10-28 16:55:41', '2021-10-28 16:53:17', 'get', '[]', NULL, 1);
INSERT INTO `sys_menu` VALUES (33, 32, ',28,32,33,', '订单列表', 'order', '/shop/order/index', 'fa fa-binoculars', 0, 3, b'0', NULL, '2021-10-28 16:55:09', 'get', '[\"2\",\"5\"]', NULL, 1);
INSERT INTO `sys_menu` VALUES (34, 28, ',28,34,', '用户管理', 'AppUserManage', '', 'fa fa-address-card', 0, 2, b'0', NULL, '2021-10-28 16:57:47', 'get', '[]', NULL, 1);
INSERT INTO `sys_menu` VALUES (35, 34, ',28,34,35,', '小程序用户', 'AppUser', '/shop/appUser/index', 'fa fa-blind', 0, 3, b'0', NULL, '2021-10-28 16:59:11', 'get', '[]', NULL, 1);
INSERT INTO `sys_menu` VALUES (36, 34, ',28,34,36,', '用户收货地址', 'appUserAddress', '/shop/appUseraddress/index', 'fa fa-briefcase', 0, 3, b'0', NULL, '2021-10-28 17:00:48', 'get', '[\"5\"]', NULL, 1);
INSERT INTO `sys_menu` VALUES (37, 4, ',19,4,37,', '系统设置', 'setting', '/sys/config/setting', 'fa fa-codepen', 10, 3, b'0', NULL, '2022-03-29 21:39:34', 'get', '[]', NULL, 1);

-- ----------------------------
-- Table structure for sys_r_role_menu
-- ----------------------------
DROP TABLE IF EXISTS `sys_r_role_menu`;
CREATE TABLE `sys_r_role_menu`  (
  `Id` int(11) UNSIGNED ZEROFILL NOT NULL AUTO_INCREMENT COMMENT '主键',
  `RoleId` int(11) NULL DEFAULT NULL COMMENT '角色Id',
  `MenuId` int(11) NULL DEFAULT NULL COMMENT '菜单Id',
  `CreateTime` datetime(0) NULL DEFAULT NULL COMMENT '创建时间',
  `ModifyTime` datetime(0) NULL DEFAULT NULL COMMENT '修改时间',
  `IsPass` bit(1) NULL DEFAULT NULL COMMENT '是否通过',
  `BtnCodeIds` varchar(100) CHARACTER SET utf8 COLLATE utf8_general_ci NULL DEFAULT NULL COMMENT '按钮Id集合',
  `IsDeleted` bit(1) NULL DEFAULT b'0' COMMENT '是否删除',
  `DeleteTime` datetime(0) NULL DEFAULT NULL COMMENT '删除时间',
  `TenantId` int(11) NULL DEFAULT NULL COMMENT '多租户Id字段',
  PRIMARY KEY (`Id`) USING BTREE
) ENGINE = InnoDB AUTO_INCREMENT = 34 CHARACTER SET = utf8 COLLATE = utf8_general_ci COMMENT = '系统角色菜单中间表' ROW_FORMAT = Dynamic;

-- ----------------------------
-- Records of sys_r_role_menu
-- ----------------------------
INSERT INTO `sys_r_role_menu` VALUES (00000000001, 2, 4, '2021-03-01 15:57:48', NULL, b'1', NULL, b'0', NULL, 1);
INSERT INTO `sys_r_role_menu` VALUES (00000000002, 2, 12, '2021-03-01 17:55:16', '2022-12-15 22:30:33', b'1', '[\"5\",\"6\",\"7\",\"11\",\"16\",\"17\"]', b'0', NULL, 1);
INSERT INTO `sys_r_role_menu` VALUES (00000000003, 2, 5, '2021-03-01 17:55:37', '2022-12-15 22:30:40', b'1', '[\"5\",\"6\",\"7\",\"11\",\"16\",\"17\"]', b'0', NULL, 1);
INSERT INTO `sys_r_role_menu` VALUES (00000000004, 2, 2, '2021-03-01 17:56:03', '2022-12-15 22:30:46', b'1', '[\"2\",\"5\",\"16\"]', b'0', NULL, 1);
INSERT INTO `sys_r_role_menu` VALUES (00000000005, 2, 6, '2021-03-01 17:56:10', '2022-12-15 22:31:13', b'1', '[\"5\",\"6\",\"7\",\"11\",\"17\",\"16\"]', b'0', NULL, 1);
INSERT INTO `sys_r_role_menu` VALUES (00000000006, 2, 9, '2021-03-01 17:58:41', NULL, b'1', NULL, b'0', NULL, 1);
INSERT INTO `sys_r_role_menu` VALUES (00000000007, 2, 15, '2021-03-01 17:58:51', '2022-12-15 22:32:01', b'1', '[\"2\",\"3\",\"4\",\"5\",\"6\",\"7\",\"16\",\"17\"]', b'0', NULL, 1);
INSERT INTO `sys_r_role_menu` VALUES (00000000008, 2, 14, '2021-03-01 17:58:57', '2023-02-21 19:20:07', b'1', '[\"5\",\"6\",\"7\",\"17\"]', b'0', NULL, 1);
INSERT INTO `sys_r_role_menu` VALUES (00000000009, 2, 13, '2021-03-01 17:59:02', NULL, b'1', NULL, b'0', NULL, 1);
INSERT INTO `sys_r_role_menu` VALUES (00000000010, 2, 19, '2021-03-01 22:08:40', NULL, b'1', NULL, b'0', NULL, 1);
INSERT INTO `sys_r_role_menu` VALUES (00000000011, 2, 20, '2021-03-01 22:08:45', NULL, b'1', NULL, b'0', NULL, 1);
INSERT INTO `sys_r_role_menu` VALUES (00000000012, 2, 21, '2021-03-02 21:55:23', '2022-12-15 22:31:21', b'1', '[\"5\",\"6\",\"7\",\"16\",\"17\"]', b'0', NULL, 1);
INSERT INTO `sys_r_role_menu` VALUES (00000000013, 2, 23, '2021-03-12 16:12:37', '2022-12-15 22:31:26', b'1', '[\"7\",\"6\",\"5\",\"16\",\"17\"]', b'0', NULL, 1);
INSERT INTO `sys_r_role_menu` VALUES (00000000014, 2, 24, '2021-03-22 19:59:40', '2022-12-15 22:32:07', b'1', '[\"5\",\"6\",\"7\",\"16\",\"17\"]', b'0', NULL, 1);
INSERT INTO `sys_r_role_menu` VALUES (00000000015, 4, 2, '0001-01-01 00:00:00', NULL, b'1', '[\"2\",\"5\"]', b'0', NULL, 1);
INSERT INTO `sys_r_role_menu` VALUES (00000000016, 4, 4, '0001-01-01 00:00:00', NULL, b'1', NULL, b'0', NULL, 1);
INSERT INTO `sys_r_role_menu` VALUES (00000000017, 4, 19, '0001-01-01 00:00:00', NULL, b'1', NULL, b'0', NULL, 1);
INSERT INTO `sys_r_role_menu` VALUES (00000000018, 4, 23, '0001-01-01 00:00:00', NULL, b'1', '[\"6\",\"7\"]', b'0', NULL, 1);
INSERT INTO `sys_r_role_menu` VALUES (00000000019, 4, 5, '0001-01-01 00:00:00', '2021-04-19 18:32:33', b'1', '[\"11\"]', b'0', NULL, 1);
INSERT INTO `sys_r_role_menu` VALUES (00000000020, 2, 25, '0001-01-01 00:00:00', NULL, b'1', NULL, b'0', NULL, 1);
INSERT INTO `sys_r_role_menu` VALUES (00000000021, 2, 27, '1900-01-01 00:00:00', '2022-12-15 22:30:04', b'1', '[\"5\",\"13\",\"16\"]', b'0', NULL, 1);
INSERT INTO `sys_r_role_menu` VALUES (00000000022, 2, 26, '1900-01-01 00:00:00', '2022-12-15 22:30:18', b'1', '[\"5\",\"16\",\"17\"]', b'0', NULL, 1);
INSERT INTO `sys_r_role_menu` VALUES (00000000023, 2, 28, '0001-01-01 00:00:00', NULL, b'1', NULL, b'0', NULL, 1);
INSERT INTO `sys_r_role_menu` VALUES (00000000024, 2, 29, '0001-01-01 00:00:00', '2021-08-10 17:14:41', b'1', '[\"5\",\"6\",\"7\"]', b'0', NULL, 1);
INSERT INTO `sys_r_role_menu` VALUES (00000000025, 2, 30, '0001-01-01 00:00:00', NULL, b'1', NULL, b'0', NULL, 1);
INSERT INTO `sys_r_role_menu` VALUES (00000000026, 2, 31, '0001-01-01 00:00:00', '2021-08-11 12:12:56', b'1', '[\"2\",\"5\",\"6\",\"7\"]', b'0', NULL, 1);
INSERT INTO `sys_r_role_menu` VALUES (00000000027, 2, 32, '0001-01-01 00:00:00', NULL, b'1', NULL, b'0', NULL, 1);
INSERT INTO `sys_r_role_menu` VALUES (00000000028, 2, 33, '0001-01-01 00:00:00', '2021-10-28 17:15:00', b'1', '[\"2\",\"5\"]', b'0', NULL, 1);
INSERT INTO `sys_r_role_menu` VALUES (00000000029, 2, 34, '0001-01-01 00:00:00', NULL, b'1', NULL, b'0', NULL, 1);
INSERT INTO `sys_r_role_menu` VALUES (00000000030, 2, 35, '0001-01-01 00:00:00', NULL, b'1', NULL, b'0', NULL, 1);
INSERT INTO `sys_r_role_menu` VALUES (00000000031, 2, 36, '0001-01-01 00:00:00', '2021-10-28 17:15:19', b'1', '[\"5\"]', b'0', NULL, 1);
INSERT INTO `sys_r_role_menu` VALUES (00000000032, 2, 37, '2022-03-29 21:39:49', NULL, NULL, NULL, b'0', NULL, 1);
INSERT INTO `sys_r_role_menu` VALUES (00000000033, 0, 0, '2023-02-28 16:06:53', NULL, NULL, NULL, b'0', NULL, 1);

-- ----------------------------
-- Table structure for sys_r_user_role
-- ----------------------------
DROP TABLE IF EXISTS `sys_r_user_role`;
CREATE TABLE `sys_r_user_role`  (
  `Id` int(11) NOT NULL AUTO_INCREMENT COMMENT '主键',
  `CreateTime` datetime(0) NULL DEFAULT NULL COMMENT '创建时间',
  `UserId` int(11) NOT NULL COMMENT '用户Id',
  `RoleId` int(11) NOT NULL COMMENT '角色Id',
  `IsDeleted` bit(1) NULL DEFAULT b'0' COMMENT '是否删除',
  `ModifyTime` datetime(0) NULL DEFAULT NULL COMMENT '修改时间',
  `DeleteTime` datetime(0) NULL DEFAULT NULL COMMENT '删除时间',
  `TenantId` int(11) NULL DEFAULT NULL COMMENT '多租户Id字段',
  PRIMARY KEY (`Id`) USING BTREE
) ENGINE = InnoDB AUTO_INCREMENT = 6 CHARACTER SET = utf8 COLLATE = utf8_general_ci COMMENT = '用户角色中间表' ROW_FORMAT = Dynamic;

-- ----------------------------
-- Records of sys_r_user_role
-- ----------------------------
INSERT INTO `sys_r_user_role` VALUES (1, '2021-03-01 15:47:36', 1, 2, b'0', NULL, NULL, 1);
INSERT INTO `sys_r_user_role` VALUES (2, '2021-03-01 15:49:00', 1, 2, b'0', NULL, NULL, 1);
INSERT INTO `sys_r_user_role` VALUES (3, '2021-04-14 19:30:39', 2, 3, b'0', NULL, NULL, 1);
INSERT INTO `sys_r_user_role` VALUES (4, '2021-04-14 19:43:48', 2, 4, b'0', NULL, NULL, 1);
INSERT INTO `sys_r_user_role` VALUES (5, '2021-05-21 16:56:47', 2, 1, b'0', NULL, NULL, 1);

-- ----------------------------
-- Table structure for sys_recycle
-- ----------------------------
DROP TABLE IF EXISTS `sys_recycle`;
CREATE TABLE `sys_recycle`  (
  `Id` int(11) NOT NULL AUTO_INCREMENT COMMENT '主键',
  `CreateTime` datetime(0) NULL DEFAULT NULL COMMENT '创建时间',
  `TableType` varchar(20) CHARACTER SET utf8 COLLATE utf8_general_ci NULL DEFAULT '' COMMENT '表类型',
  `Remark` varchar(300) CHARACTER SET utf8 COLLATE utf8_general_ci NULL DEFAULT NULL COMMENT '备注',
  `UserId` int(11) NULL DEFAULT NULL COMMENT '系统用户Id',
  `BusinessId` int(11) NULL DEFAULT NULL COMMENT '业务Id',
  `TenantId` int(11) NULL DEFAULT NULL COMMENT '租户Id',
  `RestoreSql` varchar(300) CHARACTER SET utf8 COLLATE utf8_general_ci NULL DEFAULT NULL COMMENT '要还原的sql语句',
  `RealyDelSql` varchar(300) CHARACTER SET utf8 COLLATE utf8_general_ci NULL DEFAULT NULL COMMENT '彻底删除的sql语句',
  PRIMARY KEY (`Id`) USING BTREE
) ENGINE = InnoDB AUTO_INCREMENT = 27 CHARACTER SET = utf8 COLLATE = utf8_general_ci COMMENT = '信息回收站表' ROW_FORMAT = Dynamic;

-- ----------------------------
-- Records of sys_recycle
-- ----------------------------
INSERT INTO `sys_recycle` VALUES (7, '2021-07-15 11:01:40', 'Cms_Keyword', '用户名为【mhg】删除了表【Cms_Keyword】中id=7记录数据。', 1, 7, 1, 'update Cms_Keyword set status=true where id=7 and TenantId=1', 'delete  from Cms_Keyword  where id=7 and TenantId=1');
INSERT INTO `sys_recycle` VALUES (8, '2022-06-05 17:20:38', 'Cms_Keyword', '用户名为【mhg】删除了表【Cms_Keyword】中id=29的记录数据。', 1, 29, 1, 'update Cms_Keyword set status=true where id=29 and TenantId=1', 'delete  from Cms_Keyword  where id=29 and TenantId=1');
INSERT INTO `sys_recycle` VALUES (9, '2022-12-15 21:45:47', 'User', '用户名为【mhg】删除了表【User】中id=5的记录数据。', 1, 5, 1, 'update User set IsDeleted=false where id=5 and TenantId=1', 'delete  from User  where id=5 ');
INSERT INTO `sys_recycle` VALUES (12, '2022-12-15 22:12:07', 'Sys_User', '用户名为【mhg】删除了表【Sys_User】中id=4的记录数据。', 1, 4, 1, 'update Sys_User set IsDeleted=false where id=4 and TenantId=1', 'delete  from Sys_User  where id=4 ');
INSERT INTO `sys_recycle` VALUES (13, '2022-12-15 22:34:53', 'Sys_Role', '用户名为【mhg】删除了表【Sys_Role】中id=5的记录数据。', 1, 5, 1, 'update Sys_Role set IsDeleted=false where id=5 and TenantId=1', 'delete  from Sys_Role  where id=5 ');
INSERT INTO `sys_recycle` VALUES (14, '2022-12-16 11:49:44', 'Sys_Menu', '用户名为【mhg】删除了表【Sys_Menu】中id=22的记录数据。', 1, 22, 1, 'update Sys_Menu set IsDeleted=false where id=22 and TenantId=1', 'delete  from Sys_Menu  where id=22 ');
INSERT INTO `sys_recycle` VALUES (15, '2022-12-16 14:45:55', 'Sys_Config', '用户名为【mhg】删除了表【Sys_Config】中id=19的记录数据。', 1, 19, 1, 'update Sys_Config set IsDeleted=false where id=19 ', 'delete  from Sys_Config  where id=19 ');
INSERT INTO `sys_recycle` VALUES (16, '2022-12-16 14:51:30', 'Cms_Keyword', '用户名为【mhg】删除了表【Cms_Keyword】中id=28的记录数据。', 1, 28, 1, 'update Cms_Keyword set IsDeleted=false where id=28 and TenantId=1', 'delete  from Cms_Keyword  where id=28 and TenantId=1');
INSERT INTO `sys_recycle` VALUES (17, '2022-12-16 14:51:59', 'Cms_Keyword', '用户名为【mhg】删除了表【Cms_Keyword】中id=27的记录数据。', 1, 27, 1, 'update Cms_Keyword set IsDeleted=false where id=27 and TenantId=1', 'delete  from Cms_Keyword  where id=27 and TenantId=1');
INSERT INTO `sys_recycle` VALUES (18, '2022-12-16 14:51:59', 'Cms_Keyword', '用户名为【mhg】删除了表【Cms_Keyword】中id=26的记录数据。', 1, 26, 1, 'update Cms_Keyword set IsDeleted=false where id=26 and TenantId=1', 'delete  from Cms_Keyword  where id=26 and TenantId=1');
INSERT INTO `sys_recycle` VALUES (19, '2022-12-16 14:51:59', 'Cms_Keyword', '用户名为【mhg】删除了表【Cms_Keyword】中id=25的记录数据。', 1, 25, 1, 'update Cms_Keyword set IsDeleted=false where id=25 and TenantId=1', 'delete  from Cms_Keyword  where id=25 and TenantId=1');
INSERT INTO `sys_recycle` VALUES (20, '2022-12-16 14:57:38', 'Cms_Keyword', '用户名为【mhg】删除了表【Cms_Keyword】中id=15的记录数据。', 1, 15, 1, 'update Cms_Keyword set IsDeleted=false where id=15 and TenantId=1', 'delete  from Cms_Keyword  where id=15 and TenantId=1');
INSERT INTO `sys_recycle` VALUES (21, '2022-12-16 14:57:38', 'Cms_Keyword', '用户名为【mhg】删除了表【Cms_Keyword】中id=14的记录数据。', 1, 14, 1, 'update Cms_Keyword set IsDeleted=false where id=14 and TenantId=1', 'delete  from Cms_Keyword  where id=14 and TenantId=1');
INSERT INTO `sys_recycle` VALUES (22, '2022-12-16 14:57:38', 'Cms_Keyword', '用户名为【mhg】删除了表【Cms_Keyword】中id=13的记录数据。', 1, 13, 1, 'update Cms_Keyword set IsDeleted=false where id=13 and TenantId=1', 'delete  from Cms_Keyword  where id=13 and TenantId=1');
INSERT INTO `sys_recycle` VALUES (23, '2022-12-16 14:57:38', 'Cms_Keyword', '用户名为【mhg】删除了表【Cms_Keyword】中id=12的记录数据。', 1, 12, 1, 'update Cms_Keyword set IsDeleted=false where id=12 and TenantId=1', 'delete  from Cms_Keyword  where id=12 and TenantId=1');
INSERT INTO `sys_recycle` VALUES (24, '2022-12-16 14:57:38', 'Cms_Keyword', '用户名为【mhg】删除了表【Cms_Keyword】中id=11的记录数据。', 1, 11, 1, 'update Cms_Keyword set IsDeleted=false where id=11 and TenantId=1', 'delete  from Cms_Keyword  where id=11 and TenantId=1');
INSERT INTO `sys_recycle` VALUES (25, '2022-12-19 18:09:16', 'Sys_User', '用户名为【mhg】删除了表【Sys_User】中id=6的记录数据。', 1, 6, 4, 'update Sys_User set IsDeleted=false where id=6 and TenantId=1', 'delete  from Sys_User  where id=6 ');
INSERT INTO `sys_recycle` VALUES (26, '2022-12-20 11:54:46', 'Cms_AdvList', '用户名为【mhg】删除了表【Cms_AdvList】中id=1的记录数据。', 1, 1, 1, 'update Cms_AdvList set IsDeleted=false where id=1 and TenantId=1', 'delete  from Cms_AdvList  where id=1 and TenantId=1');

-- ----------------------------
-- Table structure for sys_role
-- ----------------------------
DROP TABLE IF EXISTS `sys_role`;
CREATE TABLE `sys_role`  (
  `Id` int(11) NOT NULL AUTO_INCREMENT COMMENT '主键',
  `IsDeleted` bit(1) NOT NULL DEFAULT b'0' COMMENT '是否删除',
  `Name` varchar(50) CHARACTER SET utf8 COLLATE utf8_general_ci NOT NULL COMMENT '名称',
  `Description` varchar(500) CHARACTER SET utf8 COLLATE utf8_general_ci NULL DEFAULT '' COMMENT '描述',
  `CreateTime` datetime(0) NOT NULL COMMENT '添加时间',
  `ModifyTime` datetime(0) NULL DEFAULT NULL COMMENT '修改时间',
  `DeleteTime` datetime(0) NULL DEFAULT NULL COMMENT '删除时间',
  `TenantId` int(11) NULL DEFAULT NULL COMMENT '多租户Id',
  PRIMARY KEY (`Id`) USING BTREE
) ENGINE = InnoDB AUTO_INCREMENT = 6 CHARACTER SET = utf8 COLLATE = utf8_general_ci COMMENT = '系统角色表' ROW_FORMAT = Dynamic;

-- ----------------------------
-- Records of sys_role
-- ----------------------------
INSERT INTO `sys_role` VALUES (1, b'0', '开发人员', '程序员555', '2022-03-27 22:47:50', '2021-02-09 22:55:02', NULL, NULL);
INSERT INTO `sys_role` VALUES (2, b'0', '超级管理员', '最牛逼', '2022-03-27 22:47:50', '2021-03-01 15:40:29', NULL, 1);
INSERT INTO `sys_role` VALUES (3, b'0', '技术经理', '团队负责人', '2022-03-27 22:47:50', '2021-03-01 15:40:24', NULL, NULL);
INSERT INTO `sys_role` VALUES (4, b'0', '销售经理', '销售经理专有角色', '2022-05-15 23:10:06', '2022-05-15 23:12:30', '2022-05-15 23:01:18', NULL);
INSERT INTO `sys_role` VALUES (5, b'1', 'test', '11111', '2022-12-15 22:34:47', NULL, '2022-12-15 22:34:53', NULL);

-- ----------------------------
-- Table structure for sys_tenant
-- ----------------------------
DROP TABLE IF EXISTS `sys_tenant`;
CREATE TABLE `sys_tenant`  (
  `Id` int(11) NOT NULL AUTO_INCREMENT COMMENT '主键',
  `UserId` int(11) NOT NULL DEFAULT 0 COMMENT '系统用户Id',
  `Name` varchar(50) CHARACTER SET utf8 COLLATE utf8_general_ci NOT NULL COMMENT '网站名称',
  `Url` varchar(100) CHARACTER SET utf8 COLLATE utf8_general_ci NULL DEFAULT '' COMMENT '网站域名',
  `Logo` varchar(255) CHARACTER SET utf8 COLLATE utf8_general_ci NULL DEFAULT '' COMMENT '网站Logo',
  `Summary` varchar(500) CHARACTER SET utf8 COLLATE utf8_general_ci NULL DEFAULT NULL COMMENT '网站描述',
  `Tel` varchar(50) CHARACTER SET utf8 COLLATE utf8_general_ci NULL DEFAULT '' COMMENT '公司电话',
  `Fax` varchar(50) CHARACTER SET utf8 COLLATE utf8_general_ci NULL DEFAULT '' COMMENT '公司传真',
  `Email` varchar(100) CHARACTER SET utf8 COLLATE utf8_general_ci NULL DEFAULT '' COMMENT '公司人事邮箱',
  `QQ` varchar(500) CHARACTER SET utf8 COLLATE utf8_general_ci NULL DEFAULT NULL COMMENT '公司客服QQ',
  `WeiXin` varchar(255) CHARACTER SET utf8 COLLATE utf8_general_ci NULL DEFAULT NULL COMMENT '微信公众号图片',
  `WeiBo` varchar(255) CHARACTER SET utf8 COLLATE utf8_general_ci NULL DEFAULT NULL COMMENT '微博链接地址或者二维码',
  `Address` varchar(200) CHARACTER SET utf8 COLLATE utf8_general_ci NULL DEFAULT '' COMMENT '公司地址',
  `Code` varchar(2000) CHARACTER SET utf8 COLLATE utf8_general_ci NULL DEFAULT '' COMMENT '网站备案号其它等信息',
  `Title` varchar(255) CHARACTER SET utf8 COLLATE utf8_general_ci NULL DEFAULT '' COMMENT '网站SEO标题',
  `Keyword` varchar(500) CHARACTER SET utf8 COLLATE utf8_general_ci NULL DEFAULT '' COMMENT '网站SEO关键字',
  `Description` varchar(2000) CHARACTER SET utf8 COLLATE utf8_general_ci NULL DEFAULT '' COMMENT '网站SEO描述',
  `Copyright` varchar(2000) CHARACTER SET utf8 COLLATE utf8_general_ci NULL DEFAULT '' COMMENT '网站版权等信息',
  `Status` bit(1) NULL DEFAULT b'1' COMMENT '网站开启关闭状态',
  `CloseInfo` varchar(2000) CHARACTER SET utf8 COLLATE utf8_general_ci NULL DEFAULT NULL COMMENT '如果状态关闭，请输入关闭网站原因',
  `IsDeleted` bit(1) NOT NULL DEFAULT b'0' COMMENT '是否删除',
  `IsCurrent` bit(1) NOT NULL DEFAULT b'0' COMMENT '是否当前租户',
  `CreateTime` datetime(0) NULL DEFAULT NULL COMMENT '创建时间',
  `ModifyTime` datetime(0) NULL DEFAULT NULL COMMENT '修改时间',
  `DeleteTime` datetime(0) NULL DEFAULT NULL,
  PRIMARY KEY (`Id`) USING BTREE
) ENGINE = MyISAM AUTO_INCREMENT = 6 CHARACTER SET = utf8 COLLATE = utf8_general_ci COMMENT = '多租户表' ROW_FORMAT = Dynamic;

-- ----------------------------
-- Records of sys_tenant
-- ----------------------------
INSERT INTO `sys_tenant` VALUES (1, 0, '小神牛博客', 'http://blog.shenius.com', '/upload/localpc/banner/583bf138e46ad_1024.jpg', NULL, '010-57171234', '010-57171234', '1248415209@qq.com', '1248415209', '', '', '北京朝阳区四惠东尚8里文创园E座705/901', '', '小神牛博客-技术解决方案提供者', '', '拥有多年实战经验，为企业提供网站策划、“APP开发”、“网站制作”、“网站开发”、网站营销、网站托管等“网站建设”一条龙服务；精通企业网站、行业门户网站、APP移动网站、电子商务网站的设计开发。我们提供的不只是技术，更是品质与服务；', '版权所有 小神牛工作室 © Copyright 2011 - 2023 京ICP备13006710号-1', b'0', '', b'0', b'1', '2020-01-01 19:42:42', '2020-01-01 19:42:42', NULL);
INSERT INTO `sys_tenant` VALUES (4, 0, '神牛建站', 'https://github.com/', NULL, '', '17391905154', '', '12345@qq.com', '', 'http://imgs.fenfenlg.com//tenant/75465DE03DEF2150E3C3C7A48D7281A4.jpg', '', '', NULL, '神牛微导航-走进优质的信息公众平台', '信息导航,微信导航微信公众号导航', '信息导航,微信导航微信公众号导航', '神牛微导航版权所有', b'0', '', b'0', b'0', '2022-03-29 21:36:55', '2022-03-29 21:36:51', NULL);
INSERT INTO `sys_tenant` VALUES (3, 0, '小牛博客', 'https://gitee.com/mhg/projects', NULL, '', '13067707790', 'Description', 'mhg215@yeah.net', '1248415209', 'Description1248415209', '', '', NULL, '小牛博客', '小牛博客', '', '', b'0', '', b'0', b'0', '1900-01-01 00:00:00', NULL, NULL);

-- ----------------------------
-- Table structure for sys_user
-- ----------------------------
DROP TABLE IF EXISTS `sys_user`;
CREATE TABLE `sys_user`  (
  `Id` int(11) NOT NULL AUTO_INCREMENT COMMENT '主键',
  `Name` varchar(30) CHARACTER SET utf8 COLLATE utf8_general_ci NOT NULL COMMENT '登录账号',
  `Password` varchar(50) CHARACTER SET utf8 COLLATE utf8_general_ci NOT NULL COMMENT '登录密码',
  `TrueName` varchar(20) CHARACTER SET utf8 COLLATE utf8_general_ci NULL DEFAULT '' COMMENT '姓名',
  `HeadImg` varchar(100) CHARACTER SET utf8 COLLATE utf8_general_ci NULL DEFAULT '' COMMENT '头像',
  `Sex` varchar(10) CHARACTER SET utf8 COLLATE utf8_general_ci NOT NULL DEFAULT '' COMMENT '性别',
  `Mobile` varchar(15) CHARACTER SET utf8 COLLATE utf8_general_ci NULL DEFAULT NULL COMMENT '手机号码',
  `IsDeleted` bit(1) NOT NULL DEFAULT b'1' COMMENT '是否状态',
  `Email` varchar(50) CHARACTER SET utf8 COLLATE utf8_general_ci NULL DEFAULT NULL COMMENT '邮箱',
  `Remark` varchar(500) CHARACTER SET utf8 COLLATE utf8_general_ci NULL DEFAULT '' COMMENT '描述',
  `CreateTime` datetime(0) NULL DEFAULT NULL COMMENT '添加时间',
  `LastLoginTime` datetime(0) NULL DEFAULT NULL COMMENT '最后登陆时间',
  `Address` varchar(200) CHARACTER SET utf8 COLLATE utf8_general_ci NULL DEFAULT NULL COMMENT '登录地址',
  `ModifyTime` datetime(0) NULL DEFAULT NULL COMMENT '修改时间',
  `Ip` varchar(100) CHARACTER SET utf8 COLLATE utf8_general_ci NULL DEFAULT NULL COMMENT 'IP地址',
  `IsLogin` bit(1) NULL DEFAULT NULL COMMENT '当前是否登录',
  `DeleteTime` datetime(0) NULL DEFAULT NULL COMMENT '软删除时间',
  `TenantId` int(11) NULL DEFAULT NULL COMMENT '多租户Id',
  PRIMARY KEY (`Id`) USING BTREE
) ENGINE = InnoDB AUTO_INCREMENT = 9 CHARACTER SET = utf8 COLLATE = utf8_general_ci COMMENT = '系统用户表' ROW_FORMAT = Dynamic;

-- ----------------------------
-- Records of sys_user
-- ----------------------------
INSERT INTO `sys_user` VALUES (1, 'mhg', 'e10adc3949ba59abbe56e057f20f883e', '课间一起牛', '123', '男', '13067707790', b'0', 'mhg215@yeah.net', '我是马红刚', '1900-01-01 00:00:00', '2023-02-28 18:10:48', '浙江省-杭州市', '2023-02-28 18:10:53', '::1', b'0', NULL, 1);
INSERT INTO `sys_user` VALUES (2, 'root', 'fcea920f7412b5da7be0cf42b8c93759', 'root', NULL, '男', '12345678900', b'0', '123@qq.com', '123', '2021-02-04 15:26:33', '2021-04-19 20:03:23', '其它地区-', NULL, '::ffff:127.0.0.1', NULL, NULL, NULL);
INSERT INTO `sys_user` VALUES (4, 'realyrare', 'e10adc3949ba59abbe56e057f20f883e', '课间一起牛', NULL, '男', '13067707790', b'1', 'fgfg', '全网搜“华山论术”。‎‍', '2021-02-04 15:39:23', '2021-12-17 15:42:33', '浙江省-杭州市', '2022-05-15 23:18:25', '::1', b'0', '2022-12-15 22:12:05', NULL);
INSERT INTO `sys_user` VALUES (5, 'test', 'e10adc3949ba59abbe56e057f20f883e', 'test', NULL, '男', '13067707790', b'1', 'mhg@126.com', '测试用户', '2022-12-14 22:04:45', NULL, '浙江省-杭州市', '2022-12-14 22:04:45', '::1', b'0', '2022-12-15 21:45:18', NULL);
INSERT INTO `sys_user` VALUES (6, '111', '698d51a19d8a121ce581499d7b701668', '111', NULL, '男', '111', b'1', '111', '111', '2022-12-15 22:08:50', NULL, '浙江省-杭州市', '2022-12-15 22:08:50', '::1', b'0', '2022-12-19 18:09:16', NULL);
INSERT INTO `sys_user` VALUES (7, 'hehe', 'e10adc3949ba59abbe56e057f20f883e', 'hehe', NULL, '男', '13067707790', b'0', 'mhg@123.com', 'hehe', '2022-12-19 18:10:46', '2022-12-19 18:11:20', '浙江省-杭州市', '2022-12-19 18:11:20', '::1', b'0', NULL, NULL);
INSERT INTO `sys_user` VALUES (8, 'mababa', 'e10adc3949ba59abbe56e057f20f883e', '马爸爸', NULL, '男', '13067707790', b'0', '1111@123.com', '1111444444', '2023-02-28 17:05:28', NULL, '浙江省-杭州市', '2023-02-28 17:08:29', '::1', b'0', NULL, 1);

-- ----------------------------
-- Table structure for yoshop_delivery_rule
-- ----------------------------
DROP TABLE IF EXISTS `yoshop_delivery_rule`;
CREATE TABLE `yoshop_delivery_rule`  (
  `rule_id` int(11) UNSIGNED NOT NULL AUTO_INCREMENT COMMENT '规则id',
  `delivery_id` int(11) UNSIGNED NOT NULL DEFAULT 0 COMMENT '配送模板id',
  `region` text CHARACTER SET utf8 COLLATE utf8_general_ci NOT NULL COMMENT '可配送区域(城市id集)',
  `first` double UNSIGNED NOT NULL DEFAULT 0 COMMENT '首件(个)/首重(Kg)',
  `first_fee` decimal(10, 2) UNSIGNED NOT NULL DEFAULT 0.00 COMMENT '运费(元)',
  `additional` double UNSIGNED NOT NULL DEFAULT 0 COMMENT '续件/续重',
  `additional_fee` decimal(10, 2) UNSIGNED NOT NULL DEFAULT 0.00 COMMENT '续费(元)',
  `wxapp_id` int(11) UNSIGNED NOT NULL DEFAULT 0 COMMENT '小程序id',
  `create_time` int(11) UNSIGNED NOT NULL COMMENT '创建时间',
  PRIMARY KEY (`rule_id`) USING BTREE
) ENGINE = InnoDB AUTO_INCREMENT = 1 CHARACTER SET = utf8 COLLATE = utf8_general_ci ROW_FORMAT = Dynamic;

-- ----------------------------
-- Table structure for yoshop_dictionary
-- ----------------------------
DROP TABLE IF EXISTS `yoshop_dictionary`;
CREATE TABLE `yoshop_dictionary`  (
  `id` int(11) UNSIGNED NOT NULL AUTO_INCREMENT COMMENT '主键id',
  `type` varchar(30) CHARACTER SET utf8 COLLATE utf8_general_ci NOT NULL DEFAULT '' COMMENT '字段类型',
  `name` varchar(255) CHARACTER SET utf8 COLLATE utf8_general_ci NOT NULL DEFAULT '' COMMENT '字段名称',
  `value` varchar(255) CHARACTER SET utf8 COLLATE utf8_general_ci NOT NULL COMMENT '字段记录',
  PRIMARY KEY (`id`) USING BTREE
) ENGINE = InnoDB AUTO_INCREMENT = 1 CHARACTER SET = utf8 COLLATE = utf8_general_ci ROW_FORMAT = Dynamic;

-- ----------------------------
-- Table structure for yoshop_wxapp
-- ----------------------------
DROP TABLE IF EXISTS `yoshop_wxapp`;
CREATE TABLE `yoshop_wxapp`  (
  `wxapp_id` int(11) UNSIGNED NOT NULL AUTO_INCREMENT COMMENT '小程序id',
  `app_name` varchar(50) CHARACTER SET utf8 COLLATE utf8_general_ci NOT NULL DEFAULT '' COMMENT '小程序名称',
  `app_id` varchar(50) CHARACTER SET utf8 COLLATE utf8_general_ci NOT NULL DEFAULT '' COMMENT '小程序AppID',
  `app_secret` varchar(50) CHARACTER SET utf8 COLLATE utf8_general_ci NOT NULL DEFAULT '' COMMENT '小程序AppSecret',
  `is_service` tinyint(3) UNSIGNED NOT NULL DEFAULT 0 COMMENT '客服按钮(0不显示 1显示)',
  `service_image_id` int(11) UNSIGNED NOT NULL DEFAULT 0 COMMENT '客服图标(关联文件记录表id)',
  `is_phone` tinyint(3) UNSIGNED NOT NULL DEFAULT 0 COMMENT '电话客服按钮(0不显示 1显示)',
  `phone_no` varchar(20) CHARACTER SET utf8 COLLATE utf8_general_ci NOT NULL DEFAULT '' COMMENT '电话号码',
  `phone_image_id` int(11) UNSIGNED NOT NULL DEFAULT 0 COMMENT '电话图标',
  `mchid` varchar(50) CHARACTER SET utf8 COLLATE utf8_general_ci NOT NULL DEFAULT '' COMMENT '微信商户号id',
  `apikey` varchar(255) CHARACTER SET utf8 COLLATE utf8_general_ci NOT NULL DEFAULT '' COMMENT '微信支付密钥',
  `create_time` int(11) UNSIGNED NOT NULL DEFAULT 0 COMMENT '创建时间',
  `update_time` int(11) UNSIGNED NOT NULL DEFAULT 0 COMMENT '更新时间',
  PRIMARY KEY (`wxapp_id`) USING BTREE
) ENGINE = InnoDB AUTO_INCREMENT = 10002 CHARACTER SET = utf8 COLLATE = utf8_general_ci ROW_FORMAT = Dynamic;

-- ----------------------------
-- Records of yoshop_wxapp
-- ----------------------------
INSERT INTO `yoshop_wxapp` VALUES (10001, '萤火小程序商城', '', '', 0, 0, 0, '', 0, '', '', 1529926348, 1530343820);

-- ----------------------------
-- Table structure for yoshop_wxapp_help
-- ----------------------------
DROP TABLE IF EXISTS `yoshop_wxapp_help`;
CREATE TABLE `yoshop_wxapp_help`  (
  `help_id` int(11) UNSIGNED NOT NULL AUTO_INCREMENT COMMENT '主键id',
  `title` varchar(255) CHARACTER SET utf8 COLLATE utf8_general_ci NOT NULL DEFAULT '' COMMENT '帮助标题',
  `content` text CHARACTER SET utf8 COLLATE utf8_general_ci NOT NULL COMMENT '帮助内容',
  `sort` int(11) UNSIGNED NOT NULL DEFAULT 0 COMMENT '排序(数字越小越靠前)',
  `wxapp_id` int(11) UNSIGNED NOT NULL DEFAULT 0 COMMENT '小程序id',
  `create_time` int(11) UNSIGNED NOT NULL DEFAULT 0 COMMENT '创建时间',
  `update_time` int(11) UNSIGNED NOT NULL DEFAULT 0 COMMENT '更新时间',
  PRIMARY KEY (`help_id`) USING BTREE
) ENGINE = InnoDB AUTO_INCREMENT = 10002 CHARACTER SET = utf8 COLLATE = utf8_general_ci ROW_FORMAT = Dynamic;

-- ----------------------------
-- Records of yoshop_wxapp_help
-- ----------------------------
INSERT INTO `yoshop_wxapp_help` VALUES (10001, '关于小程序', '小程序本身无需下载，无需注册，不占用手机内存，可以跨平台使用，响应迅速，体验接近原生APP。', 100, 10001, 1529926348, 1529926348);

SET FOREIGN_KEY_CHECKS = 1;
